collection,file,result,automatic_path,play_seconds,stop_without_reset,reload_without_reset,error_code
previous,ActRaiser\04 Fillmoa.spc,accepted,False,3,True,False,
previous,ActRaiser\ActRaiser (EMU).zophar\01 Opening.spc,accepted,False,3,True,False,
previous,ActRaiser\ActRaiser (EMU).zophar\02 Sky Palast.spc,accepted,False,3,True,False,
previous,ActRaiser\ActRaiser (EMU).zophar\03 Descent.spc,accepted,False,3,True,False,
previous,ActRaiser\ActRaiser (EMU).zophar\05 The Beast Appears.spc,accepted,False,3,True,False,
previous,ActRaiser\ActRaiser (EMU).zophar\06 Round Clear.spc,accepted,False,3,True,False,
previous,ActRaiser\ActRaiser (EMU).zophar\07 Bloodpool ~ Casandora.spc,accepted,False,3,True,False,
previous,ActRaiser\ActRaiser (EMU).zophar\08 Aitos ~ Temple.spc,accepted,False,3,True,False,
previous,ActRaiser\ActRaiser (EMU).zophar\09 Powerful Enemy.spc,accepted,False,3,True,False,
previous,ActRaiser\ActRaiser (EMU).zophar\10 Piramid ~ Marana.spc,accepted,False,3,True,False,
previous,ActRaiser\ActRaiser (EMU).zophar\11 North Wall.spc,accepted,False,3,True,False,
previous,ActRaiser\ActRaiser (EMU).zophar\12 All over the World.spc,accepted,False,3,True,False,
previous,ActRaiser\ActRaiser (EMU).zophar\13 Satan.spc,accepted,False,3,True,False,
previous,ActRaiser\ActRaiser (EMU).zophar\14 Silence.spc,accepted,False,3,True,False,
previous,ActRaiser\ActRaiser (EMU).zophar\15 Birth of the People.spc,accepted,False,3,True,False,
previous,ActRaiser\ActRaiser (EMU).zophar\16 Sacrifices.spc,accepted,False,3,True,False,
previous,ActRaiser\ActRaiser (EMU).zophar\17 Peaceful World.spc,accepted,False,3,True,False,
previous,ActRaiser\ActRaiser (EMU).zophar\18 Ending.spc,accepted,False,3,True,False,
previous,ActRaiser\ActRaiser (EMU).zophar\99 Level Up.spc,accepted,False,3,True,False,
previous,Aero the acrobar\Aero the Acro-Bat (EMU).zophar\01 Title Theme.spc,accepted,False,3,True,False,
previous,Aero the acrobar\Aero the Acro-Bat (EMU).zophar\02 Level Summary.spc,accepted,False,3,True,False,
previous,Aero the acrobar\Aero the Acro-Bat (EMU).zophar\03 Circus 2.spc,accepted,False,3,True,False,
previous,Aero the acrobar\Aero the Acro-Bat (EMU).zophar\04 Circus 3.spc,accepted,False,3,True,False,
previous,Aero the acrobar\Aero the Acro-Bat (EMU).zophar\05 Circus 4.spc,accepted,False,3,True,False,
previous,Aero the acrobar\Aero the Acro-Bat (EMU).zophar\06 Circus 5.spc,accepted,False,3,True,False,
previous,Aero the acrobar\Aero the Acro-Bat (EMU).zophar\07 Circus Bonus.spc,accepted,False,3,True,False,
previous,Aero the acrobar\Aero the Acro-Bat (EMU).zophar\08 Boss.spc,accepted,False,3,True,False,
previous,Aero the acrobar\Aero the Acro-Bat (EMU).zophar\09 Funpark 1.spc,accepted,False,3,True,False,
previous,Aero the acrobar\Aero the Acro-Bat (EMU).zophar\10 Funpark 2.spc,accepted,False,3,True,False,
previous,Aero the acrobar\Aero the Acro-Bat (EMU).zophar\11 Funpark 3.spc,accepted,False,3,True,False,
previous,Aero the acrobar\Aero the Acro-Bat (EMU).zophar\12 Funpark 4.spc,accepted,False,3,True,False,
previous,Aero the acrobar\Aero the Acro-Bat (EMU).zophar\13 Funpark 5.spc,accepted,False,3,True,False,
previous,Aero the acrobar\Aero the Acro-Bat (EMU).zophar\14 Outside 1.spc,accepted,False,3,True,False,
previous,Aero the acrobar\Aero the Acro-Bat (EMU).zophar\15 Outside 2.spc,accepted,False,3,True,False,
previous,Aero the acrobar\Aero the Acro-Bat (EMU).zophar\16 Outside 4.spc,accepted,False,3,True,False,
previous,Aero the acrobar\Aero the Acro-Bat (EMU).zophar\17 Museum 1.spc,accepted,False,3,True,False,
previous,Aero the acrobar\Aero the Acro-Bat (EMU).zophar\18 Museum 4.spc,accepted,False,3,True,False,
previous,Aero the acrobar\Aero the Acro-Bat (EMU).zophar\19 Museum Bonus.spc,accepted,False,3,True,False,
previous,Aero the acrobar\Aero the Acro-Bat (EMU).zophar\20 Final Boss.spc,accepted,False,3,True,False,
previous,Aero the acrobar\Aero the Acro-Bat (EMU).zophar\21 Staff Roll.spc,accepted,False,3,True,False,
previous,Aero the acrobar\Aero the Acro-Bat (EMU).zophar\99 Continue.spc,accepted,False,3,True,False,
previous,Aero the acrobar\Aero the Acro-Bat (EMU).zophar\99 Unused Jingle.spc,accepted,False,3,True,False,
previous,Aero the acrobat 2\Aero the Acro-Bat 2 (EMU).zophar\01 Bell Castle (Act 1).spc,accepted,False,3,True,False,
previous,Aero the acrobat 2\Aero the Acro-Bat 2 (EMU).zophar\02 Bell Castle (Act 2).spc,accepted,False,3,True,False,
previous,Aero the acrobat 2\Aero the Acro-Bat 2 (EMU).zophar\03 Bell Castle (Act 3).spc,accepted,False,3,True,False,
previous,Aero the acrobat 2\Aero the Acro-Bat 2 (EMU).zophar\04 Boardin Zone (Act 1 & 3).spc,accepted,False,3,True,False,
previous,Aero the acrobat 2\Aero the Acro-Bat 2 (EMU).zophar\05 Boardin Zone (Act 2).spc,accepted,False,3,True,False,
previous,Aero the acrobat 2\Aero the Acro-Bat 2 (EMU).zophar\06 Fort Redstar (Act 1).spc,accepted,False,3,True,False,
previous,Aero the acrobat 2\Aero the Acro-Bat 2 (EMU).zophar\07 Fort Redstar (Act 2).spc,accepted,True,3,True,False,
previous,Aero the acrobat 2\Aero the Acro-Bat 2 (EMU).zophar\08 Fort Redstar (Act 3).spc,accepted,False,3,True,False,
previous,Aero the acrobat 2\Aero the Acro-Bat 2 (EMU).zophar\09 Fort Redstar (Boss Act).spc,accepted,False,3,True,False,
previous,Aero the acrobat 2\Aero the Acro-Bat 2 (EMU).zophar\10 Disco Fever (Act 1 & 3).spc,accepted,True,3,True,False,
previous,Aero the acrobat 2\Aero the Acro-Bat 2 (EMU).zophar\11 Disco Fever (Act 2).spc,accepted,True,3,True,False,
previous,Aero the acrobat 2\Aero the Acro-Bat 2 (EMU).zophar\12 Dr. Dis Industries (Act 1).spc,accepted,False,3,True,False,
previous,Aero the acrobat 2\Aero the Acro-Bat 2 (EMU).zophar\13 Dr. Dis Industries (Act 2).spc,accepted,True,3,True,False,
previous,Aero the acrobat 2\Aero the Acro-Bat 2 (EMU).zophar\14 Dr. Dis Industries (Act 3).spc,accepted,False,3,True,False,
previous,Aero the acrobat 2\Aero the Acro-Bat 2 (EMU).zophar\15 Dr. Dis Industries (Boss Act).spc,accepted,False,3,True,False,
previous,Aero the acrobat 2\Aero the Acro-Bat 2 (EMU).zophar\16 Performer's Dungeon (Act 1).spc,accepted,False,3,True,False,
previous,Aero the acrobat 2\Aero the Acro-Bat 2 (EMU).zophar\17 Performer's Dungeon (Act 2).spc,accepted,False,3,True,False,
previous,Aero the acrobat 2\Aero the Acro-Bat 2 (EMU).zophar\18 Performer's Dungeon (Act 3).spc,accepted,False,3,True,False,
previous,Battle Cars\Battle Cars (EMU).zophar\01 Newtroit.spc,accepted,False,3,True,False,
previous,Battle Cars\Battle Cars (EMU).zophar\02 Katmandu.spc,accepted,False,3,True,False,
previous,Battle Cars\Battle Cars (EMU).zophar\03 Meltdown.spc,accepted,False,3,True,False,
previous,Battle Cars\Battle Cars (EMU).zophar\04 Fuji.spc,accepted,False,3,True,False,
previous,Battle Cars\Battle Cars (EMU).zophar\05 Nuevo Vegas.spc,accepted,False,3,True,False,
previous,Battle Cars\Battle Cars (EMU).zophar\06 Dakar.spc,accepted,False,3,True,False,
previous,Battle Cars\Battle Cars (EMU).zophar\07 The Zone.spc,accepted,False,3,True,False,
previous,Battle Cars\Battle Cars (EMU).zophar\08 Centaria IV.spc,accepted,False,3,True,False,
previous,Battle Cars\Battle Cars (EMU).zophar\09 New Alantis.spc,accepted,False,3,True,False,
previous,Battle Cars\Battle Cars (EMU).zophar\99 Unknown Song.spc,accepted,False,3,True,False,
previous,Faceball 2000 (EMU).zophar\01 Title Screen.spc,accepted,False,3,True,False,
previous,Faceball 2000 (EMU).zophar\02 City Zone.spc,accepted,False,3,True,False,
previous,Faceball 2000 (EMU).zophar\03 Desert Zone.spc,accepted,False,3,True,False,
previous,Faceball 2000 (EMU).zophar\04 Asteroid Zone.spc,accepted,False,3,True,False,
previous,Faceball 2000 (EMU).zophar\05 Ice Zone.spc,accepted,False,3,True,False,
previous,Faceball 2000 (EMU).zophar\06 Space Zone.spc,accepted,False,3,True,False,
previous,Faceball 2000 (EMU).zophar\07 Mars Zone.spc,accepted,False,3,True,False,
previous,Faceball 2000 (EMU).zophar\08 Last Areas.spc,accepted,False,3,True,False,
previous,Faceball 2000 (EMU).zophar\09 Stage Clear.spc,accepted,False,3,True,False,
previous,Faceball 2000 (EMU).zophar\10 Ending.spc,accepted,False,3,True,False,
previous,Faceball 2000 (EMU).zophar\99 Game Over.spc,accepted,False,3,True,False,
previous,Jissen Pachi\Jissen Pachi Slot Hisshouhou! Classic (EMU).zophar\jpshc-02.spc,accepted,False,3,True,False,
previous,Jissen Pachi\Jissen Pachi Slot Hisshouhou! Classic (EMU).zophar\jpshc-03.spc,accepted,False,3,True,False,
previous,Jissen Pachi\Jissen Pachi Slot Hisshouhou! Classic (EMU).zophar\jpshc-04.spc,accepted,False,3,True,False,
previous,Jissen Pachi\Jissen Pachi Slot Hisshouhou! Classic (EMU).zophar\jpshc-05.spc,accepted,False,3,True,False,
previous,Jissen Pachi\Jissen Pachi Slot Hisshouhou! Classic (EMU).zophar\jpshc-06.spc,accepted,False,3,True,False,
previous,Jissen Pachi\Jissen Pachi Slot Hisshouhou! Classic (EMU).zophar\jpshc-07.spc,accepted,False,3,True,False,
previous,Jissen Pachi\Jissen Pachi Slot Hisshouhou! Classic (EMU).zophar\jpshc-08.spc,accepted,False,3,True,False,
previous,Jissen Pachi\Jissen Pachi Slot Hisshouhou! Classic (EMU).zophar\jpshc-09.spc,accepted,False,3,True,False,
previous,Jissen Pachi\Jissen Pachi Slot Hisshouhou! Classic (EMU).zophar\jpshc-10.spc,accepted,False,3,True,False,
previous,Jissen Pachi\Jissen Pachi Slot Hisshouhou! Classic (EMU).zophar\jpshc-11.spc,accepted,False,3,True,False,
previous,Jissen Pachi\Jissen Pachi Slot Hisshouhou! Classic (EMU).zophar\jpshc-12.spc,accepted,False,3,True,False,
previous,Jissen Pachi\Jissen Pachi Slot Hisshouhou! Classic (EMU).zophar\jpshc-13.spc,accepted,False,3,True,False,
previous,Jissen Pachi\Jissen Pachi Slot Hisshouhou! Classic (EMU).zophar\jpshc-14.spc,accepted,False,3,True,False,
previous,Jissen Pachi\Jissen Pachi Slot Hisshouhou! Classic (EMU).zophar\jpshc-15.spc,accepted,False,3,True,False,
previous,Jissen Pachi\Jissen Pachi Slot Hisshouhou! Classic (EMU).zophar\jpshc-16.spc,accepted,False,3,True,False,
previous,Jissen Pachi\Jissen Pachi Slot Hisshouhou! Classic (EMU).zophar\jpshc-17.spc,accepted,False,3,True,False,
previous,Jissen Pachi\Jissen Pachi Slot Hisshouhou! Classic (EMU).zophar\jpshc-18.spc,accepted,False,3,True,False,
previous,Jissen Pachi\jpshc-01.spc,accepted,False,3,True,False,
previous,Kirby's Avalanche  [Kirby's Ghost Trap] (EMU).zophar\101 Title.spc,accepted,False,3,True,False,
previous,Kirby's Avalanche  [Kirby's Ghost Trap] (EMU).zophar\102 Game Select.spc,accepted,False,3,True,False,
previous,Kirby's Avalanche  [Kirby's Ghost Trap] (EMU).zophar\103 Stage Intro 1.spc,accepted,False,3,True,False,
previous,Kirby's Avalanche  [Kirby's Ghost Trap] (EMU).zophar\104 Stage Theme 1.spc,accepted,False,3,True,False,
previous,Kirby's Avalanche  [Kirby's Ghost Trap] (EMU).zophar\105 Stage Intro 2.spc,accepted,False,3,True,False,
previous,Kirby's Avalanche  [Kirby's Ghost Trap] (EMU).zophar\106 Stage Theme 2.spc,accepted,False,3,True,False,
previous,Kirby's Avalanche  [Kirby's Ghost Trap] (EMU).zophar\107 Stage Intro 3.spc,accepted,False,3,True,False,
previous,Kirby's Avalanche  [Kirby's Ghost Trap] (EMU).zophar\108 Stage Theme 3.spc,accepted,False,3,True,False,
previous,Kirby's Avalanche  [Kirby's Ghost Trap] (EMU).zophar\109 Dedede Intro.spc,accepted,False,3,True,False,
previous,Kirby's Avalanche  [Kirby's Ghost Trap] (EMU).zophar\110 Dedede Stage.spc,accepted,False,3,True,False,
previous,Kirby's Avalanche  [Kirby's Ghost Trap] (EMU).zophar\111 Two Player Competition.spc,accepted,False,3,True,False,
previous,Kirby's Avalanche  [Kirby's Ghost Trap] (EMU).zophar\112 Running out of Room.spc,accepted,False,3,True,False,
previous,Kirby's Avalanche  [Kirby's Ghost Trap] (EMU).zophar\113 Game Over.spc,accepted,False,3,True,False,
previous,Kirby's Avalanche  [Kirby's Ghost Trap] (EMU).zophar\114 Stage Clear.spc,accepted,False,3,True,False,
previous,Kirby's Avalanche  [Kirby's Ghost Trap] (EMU).zophar\115a Win Competition (Part 1).spc,accepted,False,3,True,False,
previous,Kirby's Avalanche  [Kirby's Ghost Trap] (EMU).zophar\115b Win Competition (Part 2).spc,accepted,False,3,True,False,
previous,Kirby's Avalanche  [Kirby's Ghost Trap] (EMU).zophar\116 Staff Roll.spc,accepted,False,3,True,False,
previous,Kirby's Avalanche  [Kirby's Ghost Trap] (EMU).zophar\117 Continue Theme.spc,accepted,False,3,True,False,
previous,Kirby's Avalanche  [Kirby's Ghost Trap] (EMU).zophar\199 Unused Song.spc,accepted,False,3,True,False,
previous,Kirby's Avalanche  [Kirby's Ghost Trap] (EMU).zophar\201 Baroque of PuyoPuyo.spc,accepted,False,3,True,False,
previous,Kirby's Avalanche  [Kirby's Ghost Trap] (EMU).zophar\202 Cooking of PuyoPuyo.spc,accepted,False,3,True,False,
previous,Kirby's Avalanche  [Kirby's Ghost Trap] (EMU).zophar\203 Morning of PuyoPuyo.spc,accepted,False,3,True,False,
previous,Kirby's Avalanche  [Kirby's Ghost Trap] (EMU).zophar\204 Toy of PuyoPuyo.spc,accepted,False,3,True,False,
previous,Kirby's Avalanche  [Kirby's Ghost Trap] (EMU).zophar\205 Warning of PuyoPuyo.spc,accepted,False,3,True,False,
previous,Kirby's Avalanche  [Kirby's Ghost Trap] (EMU).zophar\206 Theme of PuyoPuyo.spc,accepted,False,3,True,False,
previous,Kirby's Avalanche  [Kirby's Ghost Trap] (EMU).zophar\207 Memories of PuyoPuyo.spc,accepted,False,3,True,False,
previous,Kirby's Avalanche  [Kirby's Ghost Trap] (EMU).zophar\208 Sticker of PuyoPuyo.spc,accepted,False,3,True,False,
previous,Kirby's Avalanche  [Kirby's Ghost Trap] (EMU).zophar\209 Brave of PuyoPuyo.spc,accepted,False,3,True,False,
previous,Kirby's Avalanche  [Kirby's Ghost Trap] (EMU).zophar\210 Theme of Satan.spc,accepted,False,3,True,False,
previous,Kirby's Avalanche  [Kirby's Ghost Trap] (EMU).zophar\211 Final of PuyoPuyo.spc,accepted,False,3,True,False,
previous,Kirby's Avalanche  [Kirby's Ghost Trap] (EMU).zophar\212 Stage Clear.spc,accepted,False,3,True,False,
previous,Kirby's Avalanche  [Kirby's Ghost Trap] (EMU).zophar\213 Sorrow of PuyoPuyo.spc,accepted,False,3,True,False,
previous,Kirby's Avalanche  [Kirby's Ghost Trap] (EMU).zophar\214 Victory of PuyoPuyo.spc,accepted,False,3,True,False,
previous,Kirby's Avalanche  [Kirby's Ghost Trap] (EMU).zophar\215 Sunset of PuyoPuyo.spc,accepted,False,3,True,False,
previous,Kirby's Avalanche  [Kirby's Ghost Trap] (EMU).zophar\216 Ondo of PuyoPuyo.spc,accepted,False,3,True,False,
previous,Mickey Mania - The Timeless Adventures of Mickey Mouse (EMU).zophar\01 Steamboat Willie.spc,accepted,False,3,True,False,
previous,Mickey Mania - The Timeless Adventures of Mickey Mouse (EMU).zophar\02 The Wharf.spc,accepted,False,3,True,False,
previous,Mickey Mania - The Timeless Adventures of Mickey Mouse (EMU).zophar\03 Castle of Terror.spc,accepted,False,3,True,False,
previous,Mickey Mania - The Timeless Adventures of Mickey Mouse (EMU).zophar\04 Hallway of Horror.spc,accepted,False,3,True,False,
previous,Mickey Mania - The Timeless Adventures of Mickey Mouse (EMU).zophar\05 Elevator of Doom.spc,accepted,False,3,True,False,
previous,Mickey Mania - The Timeless Adventures of Mickey Mouse (EMU).zophar\06 Inner Sanctum.spc,accepted,False,3,True,False,
previous,Mickey Mania - The Timeless Adventures of Mickey Mouse (EMU).zophar\07 The Mad Doctor.spc,accepted,False,3,True,False,
previous,Mickey Mania - The Timeless Adventures of Mickey Mouse (EMU).zophar\08 Moose Hunters.spc,accepted,False,3,True,False,
previous,Mickey Mania - The Timeless Adventures of Mickey Mouse (EMU).zophar\09 Charge!.spc,accepted,False,3,True,False,
previous,Mickey Mania - The Timeless Adventures of Mickey Mouse (EMU).zophar\10 Lonesome Ghosts.spc,accepted,False,3,True,False,
previous,Mickey Mania - The Timeless Adventures of Mickey Mouse (EMU).zophar\11 Phantasmal Jokers.spc,accepted,False,3,True,False,
previous,Mickey Mania - The Timeless Adventures of Mickey Mouse (EMU).zophar\12 Mickey and the Beanstalk.spc,accepted,False,3,True,False,
previous,Mickey Mania - The Timeless Adventures of Mickey Mouse (EMU).zophar\13 The Giant's Lair.spc,accepted,False,3,True,False,
previous,Mickey Mania - The Timeless Adventures of Mickey Mouse (EMU).zophar\14 Giant's Buffet.spc,accepted,False,3,True,False,
previous,Mickey Mania - The Timeless Adventures of Mickey Mouse (EMU).zophar\15 The Prince and the Pauper.spc,accepted,False,3,True,False,
previous,Mickey Mania - The Timeless Adventures of Mickey Mouse (EMU).zophar\16 Rising Flame.spc,accepted,False,3,True,False,
previous,Mickey Mania - The Timeless Adventures of Mickey Mouse (EMU).zophar\17 The Towering Inferno.spc,accepted,False,3,True,False,
previous,Mickey Mania - The Timeless Adventures of Mickey Mouse (EMU).zophar\18 Captain Pete.spc,accepted,False,3,True,False,
previous,Mickey Mania - The Timeless Adventures of Mickey Mouse (EMU).zophar\19 Continue.spc,accepted,False,3,True,False,
previous,"Mickey Mania - The Timeless Adventures of Mickey Mouse (EMU).zophar\20 Title, Game Over, & Level Clear Fanfare.spc",accepted,False,3,True,False,
previous,Mickey Mania - The Timeless Adventures of Mickey Mouse (EMU).zophar\99 Unused Game Over Theme.spc,accepted,False,3,True,False,
previous,Mickey Mania - The Timeless Adventures of Mickey Mouse (EMU).zophar\99 Unused Level Intro Theme.spc,accepted,False,3,True,False,
previous,Mickey Mania - The Timeless Adventures of Mickey Mouse (EMU).zophar\99 Unused Stage Theme.spc,accepted,False,3,True,False,
previous,Nosferatu\02 Creature of the Night.spc,accepted,False,3,True,False,
previous,Nosferatu\Nosferatu (EMU).zophar\01 Seta Presents... .spc,accepted,False,3,True,False,
previous,Nosferatu\Nosferatu (EMU).zophar\03 Main Theme.spc,accepted,False,3,True,False,
previous,Nosferatu\Nosferatu (EMU).zophar\04 Stage 1.spc,accepted,False,3,True,False,
previous,"Nosferatu\Nosferatu (EMU).zophar\05 March 8, 1990.spc",accepted,False,3,True,False,
previous,Nosferatu\Nosferatu (EMU).zophar\06 Final Bite.spc,accepted,False,3,True,False,
previous,Nosferatu\Nosferatu (EMU).zophar\07 Boss.spc,accepted,False,3,True,False,
previous,Nosferatu\Nosferatu (EMU).zophar\08 Victory.spc,accepted,False,3,True,False,
previous,Nosferatu\Nosferatu (EMU).zophar\09 Stage 2.spc,accepted,False,3,True,False,
previous,Nosferatu\Nosferatu (EMU).zophar\10 Stage 3.spc,accepted,False,3,True,False,
previous,Nosferatu\Nosferatu (EMU).zophar\11 Stage 4.spc,accepted,False,3,True,False,
previous,Nosferatu\Nosferatu (EMU).zophar\12 Stage 5.spc,accepted,False,3,True,False,
previous,Nosferatu\Nosferatu (EMU).zophar\13 Stage 6.spc,accepted,False,3,True,False,
previous,Nosferatu\Nosferatu (EMU).zophar\14 Final Battle.spc,accepted,False,3,True,False,
previous,Nosferatu\Nosferatu (EMU).zophar\15 Ending.spc,accepted,False,3,True,False,
previous,Nosferatu\Sparkster (EMU).zophar\01 Title.spc,accepted,False,3,True,False,
previous,Nosferatu\Sparkster (EMU).zophar\02 Setup.spc,accepted,False,3,True,False,
previous,Nosferatu\Sparkster (EMU).zophar\03 Introduction.spc,accepted,False,3,True,False,
previous,Nosferatu\Sparkster (EMU).zophar\04 Lakeside.spc,accepted,False,3,True,False,
previous,Nosferatu\Sparkster (EMU).zophar\05 Steel Works.spc,accepted,False,3,True,False,
previous,Nosferatu\Sparkster (EMU).zophar\06 Bird.spc,accepted,False,3,True,False,
previous,Nosferatu\Sparkster (EMU).zophar\07 Submarine.spc,accepted,False,3,True,False,
previous,Nosferatu\Sparkster (EMU).zophar\08 Pyramid.spc,accepted,False,3,True,False,
previous,Nosferatu\Sparkster (EMU).zophar\09 Musical Town.spc,accepted,False,3,True,False,
previous,Nosferatu\Sparkster (EMU).zophar\10 Shooting.spc,accepted,False,3,True,False,
previous,Nosferatu\Sparkster (EMU).zophar\11 Fortress.spc,accepted,False,3,True,False,
previous,Nosferatu\Sparkster (EMU).zophar\12 Level Complete.spc,accepted,True,3,True,False,
previous,Nosferatu\Sparkster (EMU).zophar\13 Boss Battle 1.spc,accepted,False,3,True,False,
previous,Nosferatu\Sparkster (EMU).zophar\14 Boss Introduction.spc,accepted,False,3,True,False,
previous,Nosferatu\Sparkster (EMU).zophar\15 Boss Battle 2.spc,accepted,False,3,True,False,
previous,Nosferatu\Sparkster (EMU).zophar\16 Final Battle.spc,accepted,False,3,True,False,
previous,Nosferatu\Sparkster (EMU).zophar\17 Game Over.spc,accepted,False,3,True,False,
previous,Nosferatu\Sparkster (EMU).zophar\18 Continue.spc,accepted,False,3,True,False,
previous,Nosferatu\Sparkster (EMU).zophar\19 Password.spc,accepted,False,3,True,False,
previous,Nosferatu\Sparkster (EMU).zophar\20 Ending (part 1).spc,accepted,False,3,True,False,
previous,Nosferatu\Sparkster (EMU).zophar\21 Ending (part 2).spc,accepted,False,3,True,False,
previous,Pac-in-Time (EMU).zophar\Pac-in-Time (EMU).zophar\01 Title Screen.spc,accepted,False,3,True,False,
previous,Pac-in-Time (EMU).zophar\Pac-in-Time (EMU).zophar\02 Level Intro.spc,accepted,False,3,True,False,
previous,Pac-in-Time (EMU).zophar\Pac-in-Time (EMU).zophar\03 Power Up.spc,accepted,False,3,True,False,
previous,Pac-in-Time (EMU).zophar\Pac-in-Time (EMU).zophar\04 Door Opened.spc,accepted,False,3,True,False,
previous,Pac-in-Time (EMU).zophar\Pac-in-Time (EMU).zophar\05 Level Complete.spc,accepted,False,3,True,False,
previous,Pac-in-Time (EMU).zophar\Pac-in-Time (EMU).zophar\06 Forest.spc,accepted,True,3,True,False,
previous,Pac-in-Time (EMU).zophar\Pac-in-Time (EMU).zophar\07 Forgotten Palace.spc,accepted,True,3,True,False,
previous,Pac-in-Time (EMU).zophar\Pac-in-Time (EMU).zophar\08 The Village.spc,accepted,True,3,True,False,
previous,Pac-in-Time (EMU).zophar\Pac-in-Time (EMU).zophar\09 The Castle.spc,accepted,False,3,True,False,
previous,Pac-in-Time (EMU).zophar\Pac-in-Time (EMU).zophar\10 Battle with Gum Monster.spc,accepted,True,3,True,False,
previous,Pac-in-Time (EMU).zophar\Pac-in-Time (EMU).zophar\11 Congratulations.spc,accepted,False,3,True,False,
previous,Pac-in-Time (EMU).zophar\Pac-in-Time (EMU).zophar\12 Ending.spc,accepted,False,3,True,False,
previous,Pac-in-Time (EMU).zophar\Pac-in-Time (EMU).zophar\99 Battle with Gum Monster (Beta).spc,accepted,False,3,True,False,
previous,Pac-in-Time (EMU).zophar\Pac-in-Time (EMU).zophar\99 Death.spc,accepted,False,3,True,False,
previous,Pac-in-Time (EMU).zophar\Pac-in-Time (EMU).zophar\99 Forest (Beta).spc,accepted,False,3,True,False,
previous,Pac-in-Time (EMU).zophar\Pac-in-Time (EMU).zophar\99 Forgotten Palace (Beta).spc,accepted,True,3,True,False,
previous,Pac-in-Time (EMU).zophar\Pac-in-Time (EMU).zophar\99 Power Pellet (Beta).spc,accepted,True,3,True,False,
previous,Pac-in-Time (EMU).zophar\Pac-in-Time (EMU).zophar\99 The Castle (Beta).spc,accepted,False,3,True,False,
previous,Pac-in-Time (EMU).zophar\Pac-in-Time (EMU).zophar\99 The Village (Beta).spc,accepted,False,3,True,False,
previous,Pac-in-Time (EMU).zophar\Pac-in-Time (EMU).zophar\99 Title Screen.spc,accepted,False,3,True,False,
previous,Pac-Man 2 - The New Adventures (EMU).zophar\Pac-Man 2 - The New Adventures (EMU).zophar\01 Pac-Man 2.spc,accepted,False,3,True,False,
previous,Pac-Man 2 - The New Adventures (EMU).zophar\Pac-Man 2 - The New Adventures (EMU).zophar\02 Super Pac-Man.spc,accepted,True,3,True,False,
previous,Pac-Man 2 - The New Adventures (EMU).zophar\Pac-Man 2 - The New Adventures (EMU).zophar\03 Freaky.spc,accepted,True,3,True,False,
previous,Pac-Man 2 - The New Adventures (EMU).zophar\Pac-Man 2 - The New Adventures (EMU).zophar\04 Practice Makes Perfect.spc,accepted,False,3,True,False,
previous,Pac-Man 2 - The New Adventures (EMU).zophar\Pac-Man 2 - The New Adventures (EMU).zophar\05 Home Sweet Home.spc,accepted,True,3,True,False,
previous,Pac-Man 2 - The New Adventures (EMU).zophar\Pac-Man 2 - The New Adventures (EMU).zophar\06 Eyecatch.spc,accepted,True,3,True,False,
previous,Pac-Man 2 - The New Adventures (EMU).zophar\Pac-Man 2 - The New Adventures (EMU).zophar\07 Mischief.spc,accepted,True,3,True,False,
previous,Pac-Man 2 - The New Adventures (EMU).zophar\Pac-Man 2 - The New Adventures (EMU).zophar\08 Transformation.spc,accepted,True,3,True,False,
previous,Pac-Man 2 - The New Adventures (EMU).zophar\Pac-Man 2 - The New Adventures (EMU).zophar\09 Clockwork.spc,accepted,False,3,True,False,
previous,Pac-Man 2 - The New Adventures (EMU).zophar\Pac-Man 2 - The New Adventures (EMU).zophar\10 Haste Makes Waste.spc,accepted,False,3,True,False,
previous,Pac-Man 2 - The New Adventures (EMU).zophar\Pac-Man 2 - The New Adventures (EMU).zophar\11 Yoo-Hoo!.spc,accepted,True,3,True,False,
previous,Pac-Man 2 - The New Adventures (EMU).zophar\Pac-Man 2 - The New Adventures (EMU).zophar\12 Only Young Once.spc,accepted,True,3,True,False,
previous,Pac-Man 2 - The New Adventures (EMU).zophar\Pac-Man 2 - The New Adventures (EMU).zophar\13 Moody.spc,accepted,True,3,True,False,
previous,Pac-Man 2 - The New Adventures (EMU).zophar\Pac-Man 2 - The New Adventures (EMU).zophar\14 That Was Close.spc,accepted,True,3,True,False,
previous,Pac-Man 2 - The New Adventures (EMU).zophar\Pac-Man 2 - The New Adventures (EMU).zophar\15 Old Song.spc,accepted,True,3,True,False,
previous,Pac-Man 2 - The New Adventures (EMU).zophar\Pac-Man 2 - The New Adventures (EMU).zophar\16 Cart Ride.spc,accepted,True,3,True,False,
previous,Pac-Man 2 - The New Adventures (EMU).zophar\Pac-Man 2 - The New Adventures (EMU).zophar\17 Oh Dear!.spc,accepted,True,3,True,False,
previous,Pac-Man 2 - The New Adventures (EMU).zophar\Pac-Man 2 - The New Adventures (EMU).zophar\18 Bye! Bye!.spc,accepted,True,3,True,False,
previous,Pac-Man 2 - The New Adventures (EMU).zophar\Pac-Man 2 - The New Adventures (EMU).zophar\19 I Won't Be Long.spc,accepted,True,3,True,False,
previous,Pac-Man 2 - The New Adventures (EMU).zophar\Pac-Man 2 - The New Adventures (EMU).zophar\20 Bang!.spc,accepted,True,3,True,False,
previous,Pac-Man 2 - The New Adventures (EMU).zophar\Pac-Man 2 - The New Adventures (EMU).zophar\21 What!_.spc,accepted,True,3,True,False,
previous,Pac-Man 2 - The New Adventures (EMU).zophar\Pac-Man 2 - The New Adventures (EMU).zophar\22 Waltz.spc,accepted,True,3,True,False,
previous,Pac-Man 2 - The New Adventures (EMU).zophar\Pac-Man 2 - The New Adventures (EMU).zophar\23 Strange Factor.spc,accepted,True,3,True,False,
previous,Pac-Man 2 - The New Adventures (EMU).zophar\Pac-Man 2 - The New Adventures (EMU).zophar\24 Mr. Pac-Man.spc,accepted,True,3,True,False,
previous,Pac-Man 2 - The New Adventures (EMU).zophar\Pac-Man 2 - The New Adventures (EMU).zophar\25 Coffee Break 1.spc,accepted,True,3,True,False,
previous,Pac-Man 2 - The New Adventures (EMU).zophar\Pac-Man 2 - The New Adventures (EMU).zophar\26 Department Store.spc,accepted,True,3,True,False,
previous,Pac-Man 2 - The New Adventures (EMU).zophar\Pac-Man 2 - The New Adventures (EMU).zophar\27 Take a Nap.spc,accepted,True,3,True,False,
previous,Pac-Man 2 - The New Adventures (EMU).zophar\Pac-Man 2 - The New Adventures (EMU).zophar\28 Flea.spc,accepted,True,3,True,False,
previous,Pac-Man 2 - The New Adventures (EMU).zophar\Pac-Man 2 - The New Adventures (EMU).zophar\29 Too Much.spc,accepted,True,3,True,False,
previous,Pac-Man 2 - The New Adventures (EMU).zophar\Pac-Man 2 - The New Adventures (EMU).zophar\30 Softly.spc,accepted,True,3,True,False,
previous,Pac-Man 2 - The New Adventures (EMU).zophar\Pac-Man 2 - The New Adventures (EMU).zophar\31 One More Try_.spc,accepted,True,3,True,False,
previous,Pac-Man 2 - The New Adventures (EMU).zophar\Pac-Man 2 - The New Adventures (EMU).zophar\32 Ms. Pac-Man.spc,accepted,True,3,True,False,
previous,Pac-Man 2 - The New Adventures (EMU).zophar\Pac-Man 2 - The New Adventures (EMU).zophar\33 Coffee Break 2.spc,accepted,True,3,True,False,
previous,Pac-Man 2 - The New Adventures (EMU).zophar\Pac-Man 2 - The New Adventures (EMU).zophar\34 Coffee Break 3.spc,accepted,True,3,True,False,
previous,Pac-Man 2 - The New Adventures (EMU).zophar\Pac-Man 2 - The New Adventures (EMU).zophar\35 Coffee Break 4.spc,accepted,True,3,True,False,
previous,Pac-Man 2 - The New Adventures (EMU).zophar\Pac-Man 2 - The New Adventures (EMU).zophar\36 Lullaby.spc,accepted,True,3,True,False,
previous,Pac-Man 2 - The New Adventures (EMU).zophar\Pac-Man 2 - The New Adventures (EMU).zophar\37 Rooftop.spc,accepted,True,3,True,False,
previous,Pac-Man 2 - The New Adventures (EMU).zophar\Pac-Man 2 - The New Adventures (EMU).zophar\38 Robbers.spc,accepted,True,3,True,False,
previous,Pac-Man 2 - The New Adventures (EMU).zophar\Pac-Man 2 - The New Adventures (EMU).zophar\39 Fight!!.spc,accepted,True,3,True,False,
previous,Pac-Man 2 - The New Adventures (EMU).zophar\Pac-Man 2 - The New Adventures (EMU).zophar\40 Aquarium.spc,accepted,True,3,True,False,
previous,Pac-Man 2 - The New Adventures (EMU).zophar\Pac-Man 2 - The New Adventures (EMU).zophar\41 Fragile 1.spc,accepted,True,3,True,False,
previous,Pac-Man 2 - The New Adventures (EMU).zophar\Pac-Man 2 - The New Adventures (EMU).zophar\42 Fragile 2.spc,accepted,False,3,True,False,
previous,Pac-Man 2 - The New Adventures (EMU).zophar\Pac-Man 2 - The New Adventures (EMU).zophar\43 Ghost.spc,accepted,True,3,True,False,
previous,Pac-Man 2 - The New Adventures (EMU).zophar\Pac-Man 2 - The New Adventures (EMU).zophar\44 Lucy.spc,accepted,True,3,True,False,
previous,Pac-Man 2 - The New Adventures (EMU).zophar\Pac-Man 2 - The New Adventures (EMU).zophar\45 Rockin' Jr.spc,accepted,True,3,True,False,
previous,Pac-Man 2 - The New Adventures (EMU).zophar\Pac-Man 2 - The New Adventures (EMU).zophar\46 Pause Toon.spc,accepted,True,3,True,False,
previous,Pac-Man 2 - The New Adventures (EMU).zophar\Pac-Man 2 - The New Adventures (EMU).zophar\47a The Gum Monster.spc,accepted,True,3,True,False,
previous,Pac-Man 2 - The New Adventures (EMU).zophar\Pac-Man 2 - The New Adventures (EMU).zophar\47b The Gum Monster (No Intro).spc,accepted,True,3,True,False,
previous,Pac-Man 2 - The New Adventures (EMU).zophar\Pac-Man 2 - The New Adventures (EMU).zophar\48 Teach Pac a Lesson.spc,accepted,True,3,True,False,
previous,Pac-Man 2 - The New Adventures (EMU).zophar\Pac-Man 2 - The New Adventures (EMU).zophar\49 You Lost.spc,accepted,True,3,True,False,
previous,Pac-Man 2 - The New Adventures (EMU).zophar\Pac-Man 2 - The New Adventures (EMU).zophar\50 Farewell Gum Monster.spc,accepted,True,3,True,False,
previous,Pac-Man 2 - The New Adventures (EMU).zophar\Pac-Man 2 - The New Adventures (EMU).zophar\51 Failure Teaches Success.spc,accepted,True,3,True,False,
previous,Pac-Man 2 - The New Adventures (EMU).zophar\Pac-Man 2 - The New Adventures (EMU).zophar\52 Music Box.spc,accepted,True,3,True,False,
previous,Pac-Man 2 - The New Adventures (EMU).zophar\Pac-Man 2 - The New Adventures (EMU).zophar\53 Sound Test.spc,accepted,True,3,True,False,
previous,Pac-Man 2 - The New Adventures (EMU).zophar\Pac-Man 2 - The New Adventures (EMU).zophar\54a Transformation End.spc,accepted,True,3,True,False,
previous,Pac-Man 2 - The New Adventures (EMU).zophar\Pac-Man 2 - The New Adventures (EMU).zophar\54b Transformation End (Variant 1).spc,accepted,True,3,True,False,
previous,Pac-Man 2 - The New Adventures (EMU).zophar\Pac-Man 2 - The New Adventures (EMU).zophar\54c Transformation End (Variant 2).spc,accepted,False,3,True,False,
previous,Pac-Man 2 - The New Adventures (EMU).zophar\Pac-Man 2 - The New Adventures (EMU).zophar\55 Yoo-Hoo! End.spc,accepted,True,3,True,False,
previous,Pac-Man 2 - The New Adventures (EMU).zophar\Pac-Man 2 - The New Adventures (EMU).zophar\56 Presented by Namcot.spc,accepted,True,3,True,False,
previous,Pac-Man 2 - The New Adventures (EMU).zophar\Pac-Man 2 - The New Adventures (EMU).zophar\57 Hello! Pac-Man.spc,accepted,True,3,True,False,
previous,Pac-Man 2 - The New Adventures (EMU).zophar\Pac-Man 2 - The New Adventures (EMU).zophar\91 Unused Song 1.spc,accepted,True,3,True,False,
previous,Pac-Man 2 - The New Adventures (EMU).zophar\Pac-Man 2 - The New Adventures (EMU).zophar\91 Unused Song 2.spc,accepted,False,3,True,False,
previous,Pac-Man 2 - The New Adventures (EMU).zophar\Pac-Man 2 - The New Adventures (EMU).zophar\91 Unused Song 3.spc,accepted,True,3,True,False,
previous,Pac-Man 2 - The New Adventures (EMU).zophar\Pac-Man 2 - The New Adventures (EMU).zophar\92 Unused Jingle 1.spc,accepted,False,3,True,False,
previous,Pac-Man 2 - The New Adventures (EMU).zophar\Pac-Man 2 - The New Adventures (EMU).zophar\92 Unused Jingle 2.spc,accepted,True,3,True,False,
previous,Pac-Man 2 - The New Adventures (EMU).zophar\Pac-Man 2 - The New Adventures (EMU).zophar\93 In-Game Ambience 1.spc,accepted,True,3,True,False,
previous,Pac-Man 2 - The New Adventures (EMU).zophar\Pac-Man 2 - The New Adventures (EMU).zophar\93 In-Game Ambience 2.spc,accepted,True,3,True,False,
previous,Pac-Man 2 - The New Adventures (EMU).zophar\Pac-Man 2 - The New Adventures (EMU).zophar\93 In-Game Ambience 3.spc,accepted,True,3,True,False,
previous,Pac-Man 2 - The New Adventures (EMU).zophar\Pac-Man 2 - The New Adventures (EMU).zophar\93 In-Game Ambience 4.spc,accepted,True,3,True,False,
previous,Pac-Man 2 - The New Adventures (EMU).zophar\Pac-Man 2 - The New Adventures (EMU).zophar\93 In-Game Ambience 5.spc,accepted,True,3,True,False,
previous,Pac-Man 2 - The New Adventures (EMU).zophar\Pac-Man 2 - The New Adventures (EMU).zophar\93 Mr. Pac-Man Dies.spc,accepted,True,3,True,False,
previous,Pac-Man 2 - The New Adventures (EMU).zophar\Pac-Man 2 - The New Adventures (EMU).zophar\93 Ms. Pac-Man Dies.spc,accepted,True,3,True,False,
previous,Plok (EMU).zophar\01 Main Theme.spc,accepted,False,3,True,False,
previous,Plok (EMU).zophar\02 Map.spc,accepted,False,3,True,False,
previous,Plok (EMU).zophar\03 Cotton Island.spc,accepted,False,3,True,False,
previous,Plok (EMU).zophar\04 Stage Clear.spc,accepted,False,3,True,False,
previous,Plok (EMU).zophar\05 Bonus Level.spc,accepted,False,3,True,False,
previous,Plok (EMU).zophar\06 Gift.spc,accepted,False,3,True,False,
previous,Plok (EMU).zophar\07 Boxing Glove.spc,accepted,False,3,True,False,
previous,Plok (EMU).zophar\08 Shotgun.spc,accepted,False,3,True,False,
previous,Plok (EMU).zophar\09 Flame Thrower.spc,accepted,False,3,True,False,
previous,Plok (EMU).zophar\10 Rocket Launcher.spc,accepted,False,3,True,False,
previous,Plok (EMU).zophar\11 Cowboy.spc,accepted,False,3,True,False,
previous,Plok (EMU).zophar\12 Boss.spc,accepted,False,3,True,False,
previous,Plok (EMU).zophar\13 Beach.spc,accepted,False,3,True,False,
previous,Plok (EMU).zophar\14 Akrillic.spc,accepted,False,3,True,False,
previous,Plok (EMU).zophar\15 Plok's House.spc,accepted,False,3,True,False,
previous,Plok (EMU).zophar\16 Legacy Island.spc,accepted,False,3,True,False,
previous,Plok (EMU).zophar\17 Digging for Amulet.spc,accepted,False,3,True,False,
previous,Plok (EMU).zophar\18 Cavern.spc,accepted,False,3,True,False,
previous,Plok (EMU).zophar\19 Creepy Crag.spc,accepted,False,3,True,False,
previous,Plok (EMU).zophar\20 Flea Pit.spc,accepted,False,3,True,False,
previous,Romancing SaGa 2 (EMU).zophar\01a Prologue (part 1).spc,accepted,False,3,True,False,
previous,Romancing SaGa 2 (EMU).zophar\01b Prologue (part 2).spc,accepted,False,3,True,False,
previous,Romancing SaGa 2 (EMU).zophar\01c Prologue (part 3).spc,accepted,False,3,True,False,
previous,Romancing SaGa 2 (EMU).zophar\01d Prologue (part 4).spc,accepted,False,3,True,False,
previous,Romancing SaGa 2 (EMU).zophar\01e Prologue (part 5).spc,accepted,True,3,True,False,
previous,Romancing SaGa 2 (EMU).zophar\02 Opening Title.spc,accepted,True,3,True,False,
previous,Romancing SaGa 2 (EMU).zophar\03 Song of Everlasting Battles.spc,accepted,False,3,True,False,
previous,Romancing SaGa 2 (EMU).zophar\04 Empire City Avalon.spc,accepted,False,3,True,False,
previous,Romancing SaGa 2 (EMU).zophar\05 Dungeon 1.spc,accepted,False,3,True,False,
previous,Romancing SaGa 2 (EMU).zophar\06 Strangeness ~ Victor's Death.spc,accepted,False,3,True,False,
previous,Romancing SaGa 2 (EMU).zophar\07 Empire's Front Line.spc,accepted,False,3,True,False,
previous,Romancing SaGa 2 (EMU).zophar\08 Battle with Kujinshi.spc,accepted,False,3,True,False,
previous,Romancing SaGa 2 (EMU).zophar\09 Victory.spc,accepted,False,3,True,False,
previous,Romancing SaGa 2 (EMU).zophar\10 Canal Fortress.spc,accepted,False,3,True,False,
previous,Romancing SaGa 2 (EMU).zophar\11 Village 1.spc,accepted,False,3,True,False,
previous,Romancing SaGa 2 (EMU).zophar\12 The Dragon's Hole.spc,accepted,False,3,True,False,
previous,Romancing SaGa 2 (EMU).zophar\13 Another Country's Town.spc,accepted,False,3,True,False,
previous,Romancing SaGa 2 (EMU).zophar\14 Voyage.spc,accepted,False,3,True,False,
previous,Romancing SaGa 2 (EMU).zophar\15 Mermaid Legend.spc,accepted,False,3,True,False,
previous,Romancing SaGa 2 (EMU).zophar\16 The Sinking Ship.spc,accepted,False,3,True,False,
previous,Romancing SaGa 2 (EMU).zophar\17 Dungeon 2.spc,accepted,False,3,True,False,
previous,Romancing SaGa 2 (EMU).zophar\18 Village 2.spc,accepted,False,3,True,False,
previous,Romancing SaGa 2 (EMU).zophar\19 Run!.spc,accepted,True,3,True,False,
previous,Romancing SaGa 2 (EMU).zophar\20 Ancient Ruins.spc,accepted,True,3,True,False,
previous,Romancing SaGa 2 (EMU).zophar\21 The Legend Begins.spc,accepted,False,3,True,False,
previous,Romancing SaGa 2 (EMU).zophar\22 Dungeon 3.spc,accepted,False,3,True,False,
previous,Romancing SaGa 2 (EMU).zophar\23 The Seven Heros' Battle.spc,accepted,False,3,True,False,
previous,Romancing SaGa 2 (EMU).zophar\24 Wiped Out.spc,accepted,False,3,True,False,
previous,Romancing SaGa 2 (EMU).zophar\25 Heartful Tears.spc,accepted,False,3,True,False,
previous,Romancing SaGa 2 (EMU).zophar\26 Last Dungeon.spc,accepted,False,3,True,False,
previous,Romancing SaGa 2 (EMU).zophar\27 Last Battle.spc,accepted,False,3,True,False,
previous,Romancing SaGa 2 (EMU).zophar\28 Ending Theme.spc,accepted,False,3,True,False,
previous,Romancing SaGa 2 (EMU).zophar\29 Successive Emperor.spc,accepted,True,3,True,False,
previous,Romancing SaGa 2 (EMU).zophar\30 Epilogue.spc,accepted,True,3,True,False,
previous,Romancing SaGa 2 (EMU).zophar\31 Dance 1.spc,accepted,True,3,True,False,
previous,Romancing SaGa 2 (EMU).zophar\32 Dance 2.spc,accepted,True,3,True,False,
previous,Romancing SaGa 2 (EMU).zophar\33 Dance 3.spc,accepted,False,3,True,False,
previous,Romancing SaGa 2 (EMU).zophar\34 Dance 4.spc,accepted,False,3,True,False,
previous,Romancing SaGa 2 (EMU).zophar\99 Jingle.spc,accepted,True,3,True,False,
previous,Romancing SaGa 2 (EMU).zophar\99 Missed.spc,accepted,False,3,True,False,
previous,Romancing SaGa 2 (EMU).zophar\99 Rest Theme.spc,accepted,False,3,True,False,
previous,Romancing SaGa 2 (EMU).zophar\99 Wierd....spc,accepted,True,3,True,False,
previous,Side Poket\01 Whispers.spc,accepted,False,3,True,False,
previous,Sparkster (EMU).zophar\01 Title.spc,accepted,False,3,True,False,
previous,Sparkster (EMU).zophar\02 Setup.spc,accepted,False,3,True,False,
previous,Sparkster (EMU).zophar\03 Introduction.spc,accepted,False,3,True,False,
previous,Sparkster (EMU).zophar\04 Lakeside.spc,accepted,False,3,True,False,
previous,Sparkster (EMU).zophar\05 Steel Works.spc,accepted,False,3,True,False,
previous,Sparkster (EMU).zophar\06 Bird.spc,accepted,False,3,True,False,
previous,Sparkster (EMU).zophar\07 Submarine.spc,accepted,False,3,True,False,
previous,Sparkster (EMU).zophar\08 Pyramid.spc,accepted,False,3,True,False,
previous,Sparkster (EMU).zophar\09 Musical Town.spc,accepted,False,3,True,False,
previous,Sparkster (EMU).zophar\10 Shooting.spc,accepted,False,3,True,False,
previous,Sparkster (EMU).zophar\11 Fortress.spc,accepted,False,3,True,False,
previous,Sparkster (EMU).zophar\12 Level Complete.spc,accepted,True,3,True,False,
previous,Sparkster (EMU).zophar\13 Boss Battle 1.spc,accepted,False,3,True,False,
previous,Sparkster (EMU).zophar\14 Boss Introduction.spc,accepted,False,3,True,False,
previous,Sparkster (EMU).zophar\15 Boss Battle 2.spc,accepted,False,3,True,False,
previous,Sparkster (EMU).zophar\16 Final Battle.spc,accepted,False,3,True,False,
previous,Sparkster (EMU).zophar\17 Game Over.spc,accepted,False,3,True,False,
previous,Sparkster (EMU).zophar\18 Continue.spc,accepted,False,3,True,False,
previous,Sparkster (EMU).zophar\19 Password.spc,accepted,False,3,True,False,
previous,Sparkster (EMU).zophar\20 Ending (part 1).spc,accepted,False,3,True,False,
previous,Sparkster (EMU).zophar\21 Ending (part 2).spc,accepted,False,3,True,False,
previous,Super Puyo Puyo Tsuu (EMU).zophar\01 Title.spc,accepted,False,3,True,False,
previous,Super Puyo Puyo Tsuu (EMU).zophar\02 Stage Select.spc,accepted,False,3,True,False,
previous,Super Puyo Puyo Tsuu (EMU).zophar\03 Mode Select.spc,accepted,False,3,True,False,
previous,Super Puyo Puyo Tsuu (EMU).zophar\04 Play Demo.spc,accepted,False,3,True,False,
previous,Super Puyo Puyo Tsuu (EMU).zophar\05 Demo 1.spc,accepted,False,3,True,False,
previous,Super Puyo Puyo Tsuu (EMU).zophar\06 Demo 2.spc,accepted,False,3,True,False,
previous,Super Puyo Puyo Tsuu (EMU).zophar\07 1st Floor.spc,accepted,False,3,True,False,
previous,Super Puyo Puyo Tsuu (EMU).zophar\08 2nd and 3rd Floor.spc,accepted,False,3,True,False,
previous,Super Puyo Puyo Tsuu (EMU).zophar\09 4th and 5th Floor.spc,accepted,False,3,True,False,
previous,Super Puyo Puyo Tsuu (EMU).zophar\10 The Top Floor.spc,accepted,False,3,True,False,
previous,Super Puyo Puyo Tsuu (EMU).zophar\11 Warning.spc,accepted,False,3,True,False,
previous,Super Puyo Puyo Tsuu (EMU).zophar\12 Victory.spc,accepted,False,3,True,False,
previous,Super Puyo Puyo Tsuu (EMU).zophar\13 All Clear.spc,accepted,False,3,True,False,
previous,Super Puyo Puyo Tsuu (EMU).zophar\14 Game Over.spc,accepted,False,3,True,False,
previous,Super Puyo Puyo Tsuu (EMU).zophar\15 Ending 1.spc,accepted,False,3,True,False,
previous,Super Puyo Puyo Tsuu (EMU).zophar\16 Ending 2.spc,accepted,False,3,True,False,
previous,Super Tetris 3\Super Tetris 3 (EMU).zophar\01 BPS Logo.spc,accepted,False,3,True,False,
previous,Super Tetris 3\Super Tetris 3 (EMU).zophar\02a Main Theme.spc,accepted,False,3,True,False,
previous,Super Tetris 3\Super Tetris 3 (EMU).zophar\02b Main Theme (no intro).spc,accepted,False,3,True,False,
previous,Super Tetris 3\Super Tetris 3 (EMU).zophar\03 Parorinka.spc,accepted,False,3,True,False,
previous,Super Tetris 3\Super Tetris 3 (EMU).zophar\04 Tetroika.spc,accepted,False,3,True,False,
previous,Super Tetris 3\Super Tetris 3 (EMU).zophar\05 Technotris 1994.spc,accepted,True,3,True,False,
previous,Super Tetris 3\Super Tetris 3 (EMU).zophar\06 Dance ~ Katyusha.spc,accepted,False,3,True,False,
previous,Super Tetris 3\Super Tetris 3 (EMU).zophar\07 Last Dance.spc,accepted,True,3,True,False,
previous,Super Tetris 3\Super Tetris 3 (EMU).zophar\08 Heroism.spc,accepted,True,3,True,False,
previous,Super Tetris 3\Super Tetris 3 (EMU).zophar\09 Last Firework.spc,accepted,True,3,True,False,
previous,Super Tetris 3\Super Tetris 3 (EMU).zophar\10 Magicaliss Select.spc,accepted,True,3,True,False,
previous,Super Tetris 3\Super Tetris 3 (EMU).zophar\11 Go to Magical Space.spc,accepted,True,3,True,False,
previous,Super Tetris 3\Super Tetris 3 (EMU).zophar\12 Russian Medley.spc,accepted,True,3,True,False,
previous,Super Tetris 3\Super Tetris 3 (EMU).zophar\13 Magical Space 1.spc,accepted,True,3,True,False,
previous,Super Tetris 3\Super Tetris 3 (EMU).zophar\14 Magical Space 2.spc,accepted,True,3,True,False,
previous,Super Tetris 3\Super Tetris 3 (EMU).zophar\15 SAKURA ~ The Cherry Blossoms.spc,accepted,True,3,True,False,
previous,Super Tetris 3\Super Tetris 3 (EMU).zophar\16 Final Space.spc,accepted,True,3,True,False,
previous,Super Tetris 3\Super Tetris 3 (EMU).zophar\17 Magical Show.spc,accepted,True,3,True,False,
previous,Super Tetris 3\Super Tetris 3 (EMU).zophar\18 The Winner.spc,accepted,True,3,True,False,
previous,Super Tetris 3\Super Tetris 3 (EMU).zophar\19 Over the Magical.spc,accepted,True,3,True,False,
previous,Super Tetris 3\Super Tetris 3 (EMU).zophar\20 Battliss.spc,accepted,True,3,True,False,
previous,Super Tetris 3\Super Tetris 3 (EMU).zophar\21 Familiss ~ Cheer Up!.spc,accepted,True,3,True,False,
previous,Super Tetris 3\Super Tetris 3 (EMU).zophar\22 Yahoo!!.spc,accepted,True,3,True,False,
previous,Super Tetris 3\Super Tetris 3 (EMU).zophar\23 Sparkliss Select.spc,accepted,False,3,True,False,
previous,Super Tetris 3\Super Tetris 3 (EMU).zophar\24 Dragon Breath.spc,accepted,True,3,True,False,
previous,Super Tetris 3\Super Tetris 3 (EMU).zophar\25 Knighthood.spc,accepted,True,3,True,False,
previous,Super Tetris 3\Super Tetris 3 (EMU).zophar\26 Sexy Witch.spc,accepted,True,3,True,False,
previous,Super Tetris 3\Super Tetris 3 (EMU).zophar\27 Spark Spell.spc,accepted,True,3,True,False,
previous,Super Tetris 3\Super Tetris 3 (EMU).zophar\28 Period 1.spc,accepted,True,3,True,False,
previous,Super Tetris 3\Super Tetris 3 (EMU).zophar\29 Period 2.spc,accepted,True,3,True,False,
previous,Super Tetris 3\Super Tetris 3 (EMU).zophar\30 Moonlight Castle.spc,accepted,True,3,True,False,
previous,Super Tetris 3\Super Tetris 3 (EMU).zophar\99 Game Over.spc,accepted,True,3,True,False,
previous,Super Tetris 3\Super Tetris 3 (EMU).zophar\99 Sparkliss Game Over.spc,accepted,True,3,True,False,
previous,Tetris Attack\Tetris Attack (EMU).zophar\101 Nintendo Logo.spc,accepted,False,3,True,False,
previous,Tetris Attack\Tetris Attack (EMU).zophar\102a Opening ~ Main Theme.spc,accepted,False,3,True,False,
previous,Tetris Attack\Tetris Attack (EMU).zophar\102b Main Theme (No Intro).spc,accepted,False,3,True,False,
previous,Tetris Attack\Tetris Attack (EMU).zophar\103 Game Select.spc,accepted,False,3,True,False,
previous,Tetris Attack\Tetris Attack (EMU).zophar\104 Demo.spc,accepted,False,3,True,False,
previous,Tetris Attack\Tetris Attack (EMU).zophar\105 Demo (Critical).spc,accepted,False,3,True,False,
previous,Tetris Attack\Tetris Attack (EMU).zophar\106 Overworld.spc,accepted,False,3,True,False,
previous,Tetris Attack\Tetris Attack (EMU).zophar\107 Yoshi's Stage.spc,accepted,False,3,True,False,
previous,Tetris Attack\Tetris Attack (EMU).zophar\108 Yoshi's Stage (Critical).spc,accepted,False,3,True,False,
previous,Tetris Attack\Tetris Attack (EMU).zophar\109 Victory.spc,accepted,False,3,True,False,
previous,Tetris Attack\Tetris Attack (EMU).zophar\110 Game Over.spc,accepted,False,3,True,False,
previous,Tetris Attack\Tetris Attack (EMU).zophar\111 Spell Lifted.spc,accepted,False,3,True,False,
previous,Tetris Attack\Tetris Attack (EMU).zophar\112 Breeze Stage.spc,accepted,False,3,True,False,
previous,Tetris Attack\Tetris Attack (EMU).zophar\113 Breeze Stage (Critical).spc,accepted,False,3,True,False,
previous,Tetris Attack\Tetris Attack (EMU).zophar\114 Glacial Stage.spc,accepted,False,3,True,False,
previous,Tetris Attack\Tetris Attack (EMU).zophar\115 Glacial Stage (Critical).spc,accepted,False,3,True,False,
previous,Tetris Attack\Tetris Attack (EMU).zophar\116 Forest Stage.spc,accepted,False,3,True,False,
previous,Tetris Attack\Tetris Attack (EMU).zophar\117 Forest Stage (Critical).spc,accepted,False,3,True,False,
previous,Tetris Attack\Tetris Attack (EMU).zophar\118 Flower Stage.spc,accepted,False,3,True,False,
previous,Tetris Attack\Tetris Attack (EMU).zophar\119 Flower Stage (Critical).spc,accepted,False,3,True,False,
previous,Tetris Attack\Tetris Attack (EMU).zophar\120 Water Stage.spc,accepted,False,3,True,False,
previous,Tetris Attack\Tetris Attack (EMU).zophar\121 Water Stage (Critical).spc,accepted,False,3,True,False,
previous,Tetris Attack\Tetris Attack (EMU).zophar\122 Blaze Stage.spc,accepted,False,3,True,False,
previous,Tetris Attack\Tetris Attack (EMU).zophar\123 Blaze Stage (Critical).spc,accepted,False,3,True,False,
previous,Tetris Attack\Tetris Attack (EMU).zophar\124 Sea Stage.spc,accepted,False,3,True,False,
previous,Tetris Attack\Tetris Attack (EMU).zophar\125 Sea Stage (Critical).spc,accepted,False,3,True,False,
previous,Tetris Attack\Tetris Attack (EMU).zophar\126 Lunar Stage.spc,accepted,False,3,True,False,
previous,Tetris Attack\Tetris Attack (EMU).zophar\127 Lunar Stage (Critical).spc,accepted,False,3,True,False,
previous,Tetris Attack\Tetris Attack (EMU).zophar\128 Inside Mt. Wickedness.spc,accepted,False,3,True,False,
previous,Tetris Attack\Tetris Attack (EMU).zophar\129 Boss Encounter.spc,accepted,False,3,True,False,
previous,Tetris Attack\Tetris Attack (EMU).zophar\130 Boss Stage.spc,accepted,False,3,True,False,
previous,Tetris Attack\Tetris Attack (EMU).zophar\131 Boss Stage (Critical).spc,accepted,False,3,True,False,
previous,Tetris Attack\Tetris Attack (EMU).zophar\132 Encounter with Bowser.spc,accepted,False,3,True,False,
previous,Tetris Attack\Tetris Attack (EMU).zophar\133 Bowser's Stage.spc,accepted,False,3,True,False,
previous,Tetris Attack\Tetris Attack (EMU).zophar\134 Bowser's Stage (Critical).spc,accepted,False,3,True,False,
previous,Tetris Attack\Tetris Attack (EMU).zophar\135 Staff Roll.spc,accepted,False,3,True,False,
previous,Tetris Attack\Tetris Attack (EMU).zophar\136 Major Victory.spc,accepted,False,3,True,False,
previous,Tetris Attack\Tetris Attack (EMU).zophar\137 Level Clear.spc,accepted,False,3,True,False,
previous,Tetris Attack\Tetris Attack (EMU).zophar\138 Special Ending 1.spc,accepted,False,3,True,False,
previous,Tetris Attack\Tetris Attack (EMU).zophar\139 Special Ending 2.spc,accepted,False,3,True,False,
previous,Tetris Attack\Tetris Attack (EMU).zophar\140 Special Ending 3.spc,accepted,False,3,True,False,
previous,Tetris Attack\Tetris Attack (EMU).zophar\141 Special Ending 4.spc,accepted,False,3,True,False,
previous,Tetris Attack\Tetris Attack (EMU).zophar\201a Opening ~ Main Theme.spc,accepted,False,3,True,False,
previous,Tetris Attack\Tetris Attack (EMU).zophar\201b Main Theme (No Intro).spc,accepted,False,3,True,False,
previous,Tetris Attack\Tetris Attack (EMU).zophar\202 Stage 12.spc,accepted,False,3,True,False,
previous,Tetris Attack\Tetris Attack (EMU).zophar\203 Game Over.spc,accepted,True,3,True,False,
previous,Tetris Attack\Tetris Attack (EMU).zophar\999 Fanfare 1 (Puzzle Mode).spc,accepted,False,3,True,False,
previous,Tetris Attack\Tetris Attack (EMU).zophar\999 Fanfare 1.spc,accepted,False,3,True,False,
previous,Tetris Attack\Tetris Attack (EMU).zophar\999 Fanfare 2 (Puzzle Mode).spc,accepted,False,3,True,False,
previous,Tetris Attack\Tetris Attack (EMU).zophar\999 Fanfare 2.spc,accepted,False,3,True,False,
previous,Tetris Attack\Tetris Attack (EMU).zophar\999 Fanfare 3 (Puzzle Mode).spc,accepted,False,3,True,False,
previous,Tetris Attack\Tetris Attack (EMU).zophar\999 Fanfare 3.spc,accepted,False,3,True,False,
previous,Toy Story\01 Menu Music.spc,accepted,False,3,True,False,
previous,Toy Story\02 That Old Army Game.spc,accepted,False,3,True,False,
previous,Toy Story\03 Red Alert!.spc,accepted,False,3,True,False,
previous,Toy Story\04 Ego Check.spc,accepted,False,3,True,False,
previous,Toy Story\05 Nightmare Buzz.spc,accepted,False,3,True,False,
previous,Toy Story\06 A Buzz Clip.spc,accepted,False,3,True,False,
previous,Toy Story\07 Revenge of the Toys.spc,accepted,False,3,True,False,
previous,"Toy Story\08 Run Rex, Run.spc",accepted,False,3,True,False,
previous,Toy Story\09 Buzz Battle.spc,accepted,False,3,True,False,
previous,Toy Story\10 Food and Drink.spc,accepted,False,3,True,False,
previous,Toy Story\11 Inside the Claw Machine.spc,accepted,False,3,True,False,
previous,Toy Story\12 Really Inside the Claw Machine.spc,accepted,False,3,True,False,
previous,Toy Story\13 The Claw.spc,accepted,True,3,True,False,
previous,Toy Story\14 Sid's Workbench.spc,accepted,True,3,True,False,
previous,Toy Story\15 Battle of the Mutant Toys.spc,accepted,False,3,True,False,
previous,Toy Story\16 Roller Bob.spc,accepted,True,3,True,False,
previous,Toy Story\17 Light My Fire.spc,accepted,True,3,True,False,
previous,Toy Story\18 Rocket Man.spc,accepted,False,3,True,False,
previous,Toy Story\91 Unused Song 1.spc,accepted,False,3,True,False,
previous,Toy Story\92 Unused Song 2.spc,accepted,False,3,True,False,
previous,Toy Story\Amiga Mod instruments.spc,accepted,False,3,True,False,
previous,Zero - The Kamikaze Squirrel (EMU).zophar\01 Opening.spc,accepted,False,3,True,False,
previous,Zero - The Kamikaze Squirrel (EMU).zophar\02 Beach 1.spc,accepted,False,3,True,False,
previous,Zero - The Kamikaze Squirrel (EMU).zophar\03 Beach 2.spc,accepted,False,3,True,False,
previous,Zero - The Kamikaze Squirrel (EMU).zophar\04 Map Screen.spc,accepted,False,3,True,False,
previous,Zero - The Kamikaze Squirrel (EMU).zophar\05 Cliffs 1.spc,accepted,False,3,True,False,
previous,Zero - The Kamikaze Squirrel (EMU).zophar\06 Cliffs 2.spc,accepted,False,3,True,False,
previous,Zero - The Kamikaze Squirrel (EMU).zophar\07 Tunnels 1.spc,accepted,False,3,True,False,
previous,Zero - The Kamikaze Squirrel (EMU).zophar\08 Tunnels Boss 1.spc,accepted,False,3,True,False,
previous,Zero - The Kamikaze Squirrel (EMU).zophar\09 Tunnels 2.spc,accepted,False,3,True,False,
previous,Zero - The Kamikaze Squirrel (EMU).zophar\10 Tunnels Boss 2.spc,accepted,False,3,True,False,
previous,Zero - The Kamikaze Squirrel (EMU).zophar\11 Jetski 1.spc,accepted,False,3,True,False,
previous,Zero - The Kamikaze Squirrel (EMU).zophar\12 Jetski 2.spc,accepted,False,3,True,False,
previous,Zero - The Kamikaze Squirrel (EMU).zophar\13 Forest 1.spc,accepted,False,3,True,False,
previous,Zero - The Kamikaze Squirrel (EMU).zophar\14 Forest 2.spc,accepted,False,3,True,False,
previous,Zero - The Kamikaze Squirrel (EMU).zophar\15 Toxic.spc,accepted,False,3,True,False,
previous,Zero - The Kamikaze Squirrel (EMU).zophar\16 Factory 1.spc,accepted,False,3,True,False,
previous,Zero - The Kamikaze Squirrel (EMU).zophar\17 Factory 2.spc,accepted,False,3,True,False,
previous,Zero - The Kamikaze Squirrel (EMU).zophar\18 Battle with Ektor.spc,accepted,False,3,True,False,
previous,C700/Battle of Birds and Pigs [Cover].spc,accepted,False,3,True,False,
previous,C700/Battle of Birds and Pigs.spc,accepted,False,3,True,False,
previous,C700/Boss Theme (Pac In Time Cover).spc,accepted,False,3,True,False,
previous,C700/Final Boss (Romancing SaGa II).spc,accepted,False,3,True,False,
previous,C700/Launch Octopus [Faceball 2000 Co.spc,accepted,False,3,True,False,
previous,C700/Pirate Man (R-SaGa II Cover).spc,accepted,False,3,True,False,
previous,C700/Table.spc,accepted,False,3,True,False,
previous,C700/Test.spc,accepted,False,3,True,False,
previous,Mega Man X (EMU).zophar\01 Title Screen.spc,accepted,False,3,True,False,
previous,Mega Man X (EMU).zophar\02 Intro Stage.spc,accepted,False,3,True,False,
previous,Mega Man X (EMU).zophar\03 Sigma Intro 1.spc,accepted,False,3,True,False,
previous,Mega Man X (EMU).zophar\04 Sigma Boss Battle.spc,accepted,False,3,True,False,
previous,Mega Man X (EMU).zophar\05 Zero 1.spc,accepted,False,3,True,False,
previous,Mega Man X (EMU).zophar\06 Zero 2.spc,accepted,False,3,True,False,
previous,Mega Man X (EMU).zophar\07 Stage Select 1.spc,accepted,False,3,True,False,
previous,Mega Man X (EMU).zophar\08 Stage Intro.spc,accepted,False,3,True,False,
previous,Mega Man X (EMU).zophar\09 Armored Armadillo.spc,accepted,False,3,True,False,
previous,Mega Man X (EMU).zophar\10 Boomer Kuwanger.spc,accepted,True,3,True,False,
previous,Mega Man X (EMU).zophar\11 Chill Penguin.spc,accepted,True,3,True,False,
previous,Mega Man X (EMU).zophar\12 Flame Mammoth.spc,accepted,True,3,True,False,
previous,Mega Man X (EMU).zophar\13 Launch Octopus.spc,accepted,False,3,True,False,
previous,Mega Man X (EMU).zophar\14 Spark Mandrill.spc,accepted,True,3,True,False,
previous,Mega Man X (EMU).zophar\15 Sting Chameleon.spc,accepted,False,3,True,False,
previous,Mega Man X (EMU).zophar\16 Storm Eagle.spc,accepted,False,3,True,False,
previous,Mega Man X (EMU).zophar\17 Boss Intro.spc,accepted,False,3,True,False,
previous,Mega Man X (EMU).zophar\18 Boss Battle.spc,accepted,False,3,True,False,
previous,Mega Man X (EMU).zophar\19 Boss Defeated.spc,accepted,False,3,True,False,
previous,Mega Man X (EMU).zophar\20 Weapon Screen.spc,accepted,False,3,True,False,
previous,Mega Man X (EMU).zophar\21 Password Screen.spc,accepted,False,3,True,False,
previous,Mega Man X (EMU).zophar\22 Dr. Light.spc,accepted,True,3,True,False,
previous,Mega Man X (EMU).zophar\23 Stage Select 2.spc,accepted,False,3,True,False,
previous,Mega Man X (EMU).zophar\24 Sigma Fortress 1.spc,accepted,False,3,True,False,
previous,Mega Man X (EMU).zophar\25 Sigma Fortress 2.spc,accepted,False,3,True,False,
previous,Mega Man X (EMU).zophar\26 Sigma Fortress 3.spc,accepted,False,3,True,False,
previous,Mega Man X (EMU).zophar\27 Sigma Intro 2.spc,accepted,False,3,True,False,
previous,Mega Man X (EMU).zophar\28 Sigma Battle.spc,accepted,False,3,True,False,
previous,Mega Man X (EMU).zophar\29 Sigma Battle 2.spc,accepted,False,3,True,False,
previous,Mega Man X (EMU).zophar\30 Stigma Defeated.spc,accepted,False,3,True,False,
previous,Mega Man X (EMU).zophar\31 Ending.spc,accepted,True,3,True,False,
previous,Mega Man X (EMU).zophar\32 Castings.spc,accepted,False,3,True,False,
previous,Mega Man X (EMU).zophar\33 Credits.spc,accepted,False,3,True,False,
previous,Mega Man X (EMU).zophar\99 Capcom Logo.spc,accepted,False,3,True,False,
previous,Mega Man X (EMU).zophar\99 Test Track.spc,accepted,False,3,True,False,
previous,Rock n' Roll Racing (EMU).zophar\01 Bad to the Bone.spc,accepted,False,3,True,False,
previous,Rock n' Roll Racing (EMU).zophar\02 Paranoid.spc,accepted,False,3,True,False,
previous,Rock n' Roll Racing (EMU).zophar\03 Highway Star.spc,accepted,False,3,True,False,
previous,Rock n' Roll Racing (EMU).zophar\04 Peter Gunn.spc,accepted,False,3,True,False,
previous,Rock n' Roll Racing (EMU).zophar\05 Born to Be Wild.spc,accepted,False,3,True,False,
additional,C700\Test.spc,accepted,False,3,True,True,
additional,C700\Minion March (Game Ver).spc,rejected,,,,,67
additional,Jurassic Park Part 2 - The Chaos Continues (EMU).zophar (1)\01 Ocean Logo.spc,rejected,,,,,67
additional,Jurassic Park Part 2 - The Chaos Continues (EMU).zophar (1)\02 Opening.spc,rejected,,,,,67
additional,Jurassic Park Part 2 - The Chaos Continues (EMU).zophar (1)\03 Dark Jungle.spc,rejected,,,,,67
additional,Jurassic Park Part 2 - The Chaos Continues (EMU).zophar (1)\04 Raptor Attack.spc,rejected,,,,,67
additional,Jurassic Park Part 2 - The Chaos Continues (EMU).zophar (1)\05 Lethal Gas.spc,rejected,,,,,67
additional,Jurassic Park Part 2 - The Chaos Continues (EMU).zophar (1)\06 T-Rex Carnage.spc,rejected,,,,,67
additional,Jurassic Park Part 2 - The Chaos Continues (EMU).zophar (1)\07 Blockade.spc,rejected,,,,,67
additional,Jurassic Park Part 2 - The Chaos Continues (EMU).zophar (1)\08 High Ptera.spc,rejected,,,,,67
additional,Jurassic Park Part 2 - The Chaos Continues (EMU).zophar (1)\09 Seek and Destroy.spc,rejected,,,,,67
additional,Jurassic Park Part 2 - The Chaos Continues (EMU).zophar (1)\10 Escape from the Volcano!.spc,rejected,,,,,67
additional,Jurassic Park Part 2 - The Chaos Continues (EMU).zophar (1)\11 Protect the Gallimimus.spc,rejected,,,,,67
additional,Jurassic Park Part 2 - The Chaos Continues (EMU).zophar (1)\12 Mission Completed.spc,rejected,,,,,67
additional,Jurassic Park Part 2 - The Chaos Continues (EMU).zophar (1)\13 Staff Roll.spc,rejected,,,,,67
additional,Jurassic Park Part 2 - The Chaos Continues (EMU).zophar (1)\14 Game Over.spc,rejected,,,,,67
additional,Jurassic Park Part 2 - The Chaos Continues (EMU).zophar (1)\91 T-Rex Carnage (Looping).spc,rejected,,,,,67
additional,Jurassic Park Part 2 - The Chaos Continues (EMU).zophar (1)\92 _Ingen Must Be Eliminated..._.spc,rejected,,,,,67
additional,Mega Man 7 (EMU).zophar\01 Capcom Logo.spc,rejected,,,,,67
additional,Mega Man 7 (EMU).zophar\02 Opening (part 1).spc,accepted,True,3,True,True,
additional,Mega Man 7 (EMU).zophar\03 Opening (part 2).spc,accepted,False,3,True,True,
additional,Mega Man 7 (EMU).zophar\04 Title Screen.spc,rejected,,,,,67
additional,Mega Man 7 (EMU).zophar\05 Ruined Highway.spc,rejected,,,,,67
additional,Mega Man 7 (EMU).zophar\06 New Helmet_.spc,rejected,,,,,67
additional,Mega Man 7 (EMU).zophar\07 Bass and Treble.spc,rejected,,,,,67
additional,Mega Man 7 (EMU).zophar\08 Password.spc,rejected,,,,,67
additional,Mega Man 7 (EMU).zophar\09 Stage Select.spc,rejected,,,,,67
additional,Mega Man 7 (EMU).zophar\10 Stage Start.spc,rejected,,,,,67
additional,Mega Man 7 (EMU).zophar\11 Burstman.spc,rejected,,,,,67
additional,Mega Man 7 (EMU).zophar\12 Cloudman.spc,rejected,,,,,67
additional,Mega Man 7 (EMU).zophar\13 Junkman.spc,rejected,,,,,67
additional,Mega Man 7 (EMU).zophar\14 Freezeman.spc,rejected,,,,,67
additional,Mega Man 7 (EMU).zophar\15 Slashman.spc,rejected,,,,,67
additional,Mega Man 7 (EMU).zophar\16 Springman.spc,rejected,,,,,67
additional,Mega Man 7 (EMU).zophar\17 Shademan.spc,rejected,,,,,67
additional,Mega Man 7 (EMU).zophar\18 Turboman.spc,rejected,,,,,67
additional,Mega Man 7 (EMU).zophar\19 The Eight Robot Masters.spc,rejected,,,,,67
additional,Mega Man 7 (EMU).zophar\20 Stage Clear.spc,rejected,,,,,67
additional,Mega Man 7 (EMU).zophar\21 Dr. Light's Lab.spc,rejected,,,,,67
additional,Mega Man 7 (EMU).zophar\22 New Weapon.spc,rejected,,,,,67
additional,Mega Man 7 (EMU).zophar\23 Auto's Shop.spc,rejected,,,,,67
additional,Mega Man 7 (EMU).zophar\24 Protoman's Whistle.spc,rejected,,,,,67
additional,Mega Man 7 (EMU).zophar\25 Robot Museum.spc,rejected,,,,,67
additional,Mega Man 7 (EMU).zophar\26 Remains of the Lab.spc,rejected,,,,,67
additional,Mega Man 7 (EMU).zophar\27 Dr. Wily's Castle.spc,rejected,,,,,67
additional,Mega Man 7 (EMU).zophar\28 Dr. Wily 1.spc,rejected,,,,,67
additional,Mega Man 7 (EMU).zophar\29 Dr. Wily 2.spc,rejected,,,,,67
additional,Mega Man 7 (EMU).zophar\30 Dr. Wily 3.spc,rejected,,,,,67
additional,Mega Man 7 (EMU).zophar\31 Dr. Wily 4.spc,rejected,,,,,67
additional,Mega Man 7 (EMU).zophar\32 Wily's Secret Weapon.spc,rejected,,,,,67
additional,Mega Man 7 (EMU).zophar\33 Final Battle with Dr. Wily.spc,rejected,,,,,67
additional,Mega Man 7 (EMU).zophar\34 Wily Defeated!.spc,rejected,,,,,67
additional,Mega Man 7 (EMU).zophar\35 Staff Roll.spc,rejected,,,,,67
additional,Mega Man 7 (EMU).zophar\91 Unused Song.spc,rejected,,,,,67
additional,Mega Man 7 (EMU).zophar\92 New Weapon (Prototype).spc,rejected,,,,,67
additional,Mega Man 7 (EMU).zophar\93 Dr. Wily 1 (Prototype).spc,rejected,,,,,67
additional,Mega Man 7 (EMU).zophar\93 Dr. Wily 2 (Prototype).spc,rejected,,,,,67
additional,Mega Man 7 (EMU).zophar\93 Protoman's Whistle (Prototype).spc,rejected,,,,,67
additional,Mega Man 7 (EMU).zophar\94 Enter the Graveyard!.spc,rejected,,,,,67
additional,Mega Man 7 (EMU).zophar\94 The Haunted Graveyard.spc,rejected,,,,,67
additional,Mega Man 7 (EMU).zophar\95 Selection Jingle.spc,rejected,,,,,67
additional,Mega Man 7 (EMU).zophar\95 Special Item 1.spc,rejected,,,,,67
additional,Mega Man 7 (EMU).zophar\95 Special Item 2.spc,rejected,,,,,67
additional,Equinox (EMU).zophar (1)\01a Title.spc,rejected,,,,,67
additional,Equinox (EMU).zophar (1)\01b Title (Short Intro).spc,rejected,,,,,67
additional,Equinox (EMU).zophar (1)\02 Overworld.spc,rejected,,,,,67
additional,Equinox (EMU).zophar (1)\03 Galadonia.spc,rejected,,,,,67
additional,Equinox (EMU).zophar (1)\04 Tori.spc,rejected,,,,,67
additional,Equinox (EMU).zophar (1)\05 Deeso.spc,rejected,,,,,67
additional,Equinox (EMU).zophar (1)\06 Atlena.spc,rejected,,,,,67
additional,Equinox (EMU).zophar (1)\07 Quagmire.spc,rejected,,,,,67
additional,Equinox (EMU).zophar (1)\08 Afralona.spc,rejected,,,,,67
additional,Equinox (EMU).zophar (1)\09 Ghost Ship.spc,rejected,,,,,67
additional,Equinox (EMU).zophar (1)\10 Sonia's Fortress.spc,rejected,,,,,67
additional,Equinox (EMU).zophar (1)\11 Battle.spc,rejected,,,,,67
additional,Equinox (EMU).zophar (1)\12 Boss.spc,rejected,,,,,67
additional,Equinox (EMU).zophar (1)\13 Victory.spc,rejected,,,,,67
additional,Equinox (EMU).zophar (1)\14 Ending.spc,rejected,,,,,67
additional,Equinox (EMU).zophar (1)\15 Game Over.spc,rejected,,,,,67
additional,EarthBound (EMU).zophar\001a The Evil Giygas Attacks! (part 1).spc,rejected,,,,,67
additional,EarthBound (EMU).zophar\001b The Evil Giygas Attacks! (part 2).spc,rejected,,,,,67
additional,EarthBound (EMU).zophar\002 Title Screen.spc,rejected,,,,,67
additional,EarthBound (EMU).zophar\003 Opening Credits.spc,rejected,,,,,67
additional,EarthBound (EMU).zophar\004 Choose a File.spc,rejected,,,,,67
additional,"EarthBound (EMU).zophar\005a Your Name, Please.spc",rejected,,,,,67
additional,"EarthBound (EMU).zophar\005b Your Name, Please (Noiseless).spc",rejected,,,,,67
additional,"EarthBound (EMU).zophar\006 Now, Let's Go!.spc",rejected,,,,,67
additional,EarthBound (EMU).zophar\007 One Fateful Night....spc,rejected,,,,,67
additional,EarthBound (EMU).zophar\008a Unidentified Falling Object.spc,rejected,,,,,67
additional,EarthBound (EMU).zophar\008b Rude Awakening.spc,rejected,,,,,67
additional,EarthBound (EMU).zophar\009a Alien Invasion 1.spc,rejected,,,,,67
additional,EarthBound (EMU).zophar\009b Alien Invasion 2.spc,rejected,,,,,67
additional,EarthBound (EMU).zophar\010a Someone's Knocking at the Door.spc,rejected,,,,,67
additional,EarthBound (EMU).zophar\010b What an Annoying Knock!.spc,rejected,,,,,67
additional,EarthBound (EMU).zophar\011 Whoa!.spc,rejected,,,,,67
additional,EarthBound (EMU).zophar\012 Pokey.spc,rejected,,,,,67
additional,EarthBound (EMU).zophar\013 A Good Buddy.spc,rejected,,,,,67
additional,EarthBound (EMU).zophar\014 Buzz Buzz's Prophecy.spc,rejected,,,,,67
additional,EarthBound (EMU).zophar\015a Onett Night 1.spc,rejected,,,,,67
additional,EarthBound (EMU).zophar\015b Onett Night 2.spc,rejected,,,,,67
additional,EarthBound (EMU).zophar\015c Onett Night 3.spc,rejected,,,,,67
additional,EarthBound (EMU).zophar\016a Onett Buzz Buzz 1.spc,rejected,,,,,67
additional,EarthBound (EMU).zophar\016b Onett Buzz Buzz 2.spc,rejected,,,,,67
additional,EarthBound (EMU).zophar\016c Onett Buzz Buzz 3.spc,rejected,,,,,67
additional,EarthBound (EMU).zophar\017 Otherworldly Foe.spc,rejected,,,,,67
additional,EarthBound (EMU).zophar\018a Pokey's House.spc,rejected,,,,,67
additional,EarthBound (EMU).zophar\018b Pokey's House (Buzz Buzz).spc,rejected,,,,,67
additional,EarthBound (EMU).zophar\019a Sunrise & Onett Theme.spc,rejected,,,,,67
additional,EarthBound (EMU).zophar\019b Onett Theme.spc,rejected,,,,,67
additional,EarthBound (EMU).zophar\020 What a Great Picture!.spc,rejected,,,,,67
additional,EarthBound (EMU).zophar\021 Home Sweet Home.spc,rejected,,,,,67
additional,EarthBound (EMU).zophar\022 Friendly Neighbors.spc,rejected,,,,,67
additional,EarthBound (EMU).zophar\023 Buy Somethin' Will Ya!.spc,rejected,,,,,67
additional,EarthBound (EMU).zophar\024 Enjoy Your Stay.spc,rejected,,,,,67
additional,EarthBound (EMU).zophar\025 A Good Night's Rest.spc,rejected,,,,,67
additional,EarthBound (EMU).zophar\026 Bed and Breakfast.spc,rejected,,,,,67
additional,EarthBound (EMU).zophar\027 Hospital.spc,rejected,,,,,67
additional,EarthBound (EMU).zophar\028 Oncoming Foe.spc,rejected,,,,,67
additional,EarthBound (EMU).zophar\029 Ambush!.spc,rejected,,,,,67
additional,EarthBound (EMU).zophar\030 Battle Against a Weak Opponent.spc,rejected,,,,,67
additional,EarthBound (EMU).zophar\031 Battle Against a Weird Opponent.spc,rejected,,,,,67
additional,EarthBound (EMU).zophar\032 Battle Against a Mobile Opponent.spc,rejected,,,,,67
additional,EarthBound (EMU).zophar\033 You Win!.spc,rejected,,,,,67
additional,EarthBound (EMU).zophar\034 That Was Easy!.spc,rejected,,,,,67
additional,EarthBound (EMU).zophar\035 You Gained a Level!.spc,rejected,,,,,67
additional,EarthBound (EMU).zophar\036 Onett's Arcade.spc,rejected,,,,,67
additional,EarthBound (EMU).zophar\037 Franky.spc,rejected,,,,,67
additional,EarthBound (EMU).zophar\038 Battle Against an Unsettling Opponent.spc,rejected,,,,,67
additional,EarthBound (EMU).zophar\039 Dangerous Caves.spc,rejected,,,,,67
additional,EarthBound (EMU).zophar\040 Sanctuary Guardian's Challenge.spc,rejected,,,,,67
additional,EarthBound (EMU).zophar\041 Oncoming Boss.spc,rejected,,,,,67
additional,EarthBound (EMU).zophar\042 Sanctuary Guardian.spc,rejected,,,,,67
additional,EarthBound (EMU).zophar\043 A Bad Dream.spc,rejected,,,,,67
additional,EarthBound (EMU).zophar\044 You Defeated the Boss!.spc,rejected,,,,,67
additional,EarthBound (EMU).zophar\045 Welcome to Your Sanctuary.spc,rejected,,,,,67
additional,EarthBound (EMU).zophar\046a Your Sanctuary ~ Giant Step.spc,rejected,,,,,67
additional,EarthBound (EMU).zophar\046b Your Sanctuary ~ Lilliput Steps.spc,rejected,,,,,67
additional,EarthBound (EMU).zophar\046c Your Sanctuary ~ Milky Well.spc,rejected,,,,,67
additional,EarthBound (EMU).zophar\046d Your Sanctuary ~ Rainy Circle.spc,rejected,,,,,67
additional,EarthBound (EMU).zophar\046e Your Sanctuary ~ Magnet Hill.spc,rejected,,,,,67
additional,EarthBound (EMU).zophar\046f Your Sanctuary ~ Pink Cloud.spc,rejected,,,,,67
additional,EarthBound (EMU).zophar\046g Your Sanctuary ~ Lumine Hall.spc,rejected,,,,,67
additional,EarthBound (EMU).zophar\046h Your Sanctuary ~ Fire Spring.spc,rejected,,,,,67
additional,EarthBound (EMU).zophar\047 A Flash of Memory.spc,rejected,,,,,67
additional,EarthBound (EMU).zophar\048 Boy Meets Girl.spc,rejected,,,,,67
additional,EarthBound (EMU).zophar\049 Apple Kid's Theme.spc,rejected,,,,,67
additional,EarthBound (EMU).zophar\050 Ness' Bike.spc,rejected,,,,,67
additional,EarthBound (EMU).zophar\051 Paula's Theme.spc,rejected,,,,,67
additional,EarthBound (EMU).zophar\052a Peaceful Rest Valley.spc,rejected,,,,,67
additional,EarthBound (EMU).zophar\052b Flowing Water.spc,rejected,,,,,67
additional,EarthBound (EMU).zophar\053 Happy-Happy is Blue.spc,rejected,,,,,67
additional,EarthBound (EMU).zophar\054 You've Got a New Friend!.spc,rejected,,,,,67
additional,EarthBound (EMU).zophar\055 Dead-End Chaos Theatre.spc,rejected,,,,,67
additional,EarthBound (EMU).zophar\056 Runaway Five ~ The Daily Show.spc,rejected,,,,,67
additional,EarthBound (EMU).zophar\057 Runaway Five Left the Building!.spc,rejected,,,,,67
additional,EarthBound (EMU).zophar\058 Runaway Five on the Move!.spc,rejected,,,,,67
additional,"EarthBound (EMU).zophar\059 Threed, Zombie Central.spc",rejected,,,,,67
additional,EarthBound (EMU).zophar\060 Heartless Hotel.spc,rejected,,,,,67
additional,EarthBound (EMU).zophar\061 Whoops!.spc,rejected,,,,,67
additional,"EarthBound (EMU).zophar\062 In Winters, There is a Genius.spc",rejected,,,,,67
additional,EarthBound (EMU).zophar\063 Snowman.spc,rejected,,,,,67
additional,EarthBound (EMU).zophar\064 Winters White.spc,rejected,,,,,67
additional,EarthBound (EMU).zophar\065 Winters Wake Up Call.spc,rejected,,,,,67
additional,EarthBound (EMU).zophar\066 Tessie Has Been Sighted!.spc,rejected,,,,,67
additional,EarthBound (EMU).zophar\067 Tessie!.spc,rejected,,,,,67
additional,EarthBound (EMU).zophar\068 Caverns of Winters.spc,rejected,,,,,67
additional,EarthBound (EMU).zophar\069 Dr. Andonuts' Lab.spc,rejected,,,,,67
additional,EarthBound (EMU).zophar\070 The Sky Runner.spc,rejected,,,,,67
additional,EarthBound (EMU).zophar\071 Going Down!.spc,rejected,,,,,67
additional,EarthBound (EMU).zophar\072 Rough Landing.spc,rejected,,,,,67
additional,EarthBound (EMU).zophar\073 Escargo Express at Your Service!.spc,rejected,,,,,67
additional,EarthBound (EMU).zophar\074 Zombie Paper.spc,rejected,,,,,67
additional,EarthBound (EMU).zophar\075 Saturn Valley Caverns.spc,rejected,,,,,67
additional,EarthBound (EMU).zophar\076 Hi Hi Hi.spc,rejected,,,,,67
additional,EarthBound (EMU).zophar\077 Belch's Factory.spc,rejected,,,,,67
additional,EarthBound (EMU).zophar\078 Battle Against Belch.spc,rejected,,,,,67
additional,"EarthBound (EMU).zophar\079 You've Come Far, Ness.spc",rejected,,,,,67
additional,"EarthBound (EMU).zophar\080 Threed, Free at Last.spc",rejected,,,,,67
additional,EarthBound (EMU).zophar\081 Get on the Bus.spc,rejected,,,,,67
additional,EarthBound (EMU).zophar\082 Super Dry Dance.spc,rejected,,,,,67
additional,EarthBound (EMU).zophar\083 The Metropolis of Fourside.spc,rejected,,,,,67
additional,"EarthBound (EMU).zophar\084 Topolla Theatre, Home to the One & Only Venus.spc",rejected,,,,,67
additional,EarthBound (EMU).zophar\085 Runaway Five's Final Performance.spc,rejected,,,,,67
additional,EarthBound (EMU).zophar\086 Venus Live!.spc,rejected,,,,,67
additional,EarthBound (EMU).zophar\087 Save the Miners!.spc,rejected,,,,,67
additional,EarthBound (EMU).zophar\088 Boris' Cocktail.spc,rejected,,,,,67
additional,EarthBound (EMU).zophar\089 Moonside Swing.spc,rejected,,,,,67
additional,EarthBound (EMU).zophar\090 Bad Morning to You.spc,rejected,,,,,67
additional,EarthBound (EMU).zophar\091 The Monkeys' Maze.spc,rejected,,,,,67
additional,EarthBound (EMU).zophar\092 Runaway Five to the Rescue!.spc,rejected,,,,,67
additional,"EarthBound (EMU).zophar\093 Summers, Eternal Tourist Trap.spc",rejected,,,,,67
additional,"EarthBound (EMU).zophar\094 In Dalaam, There is a Warrior.spc",rejected,,,,,67
additional,EarthBound (EMU).zophar\095 The Floating Kingdom of Dalaam.spc,rejected,,,,,67
additional,EarthBound (EMU).zophar\096 Mu Training.spc,rejected,,,,,67
additional,EarthBound (EMU).zophar\097 Pink Cloud Shrine.spc,rejected,,,,,67
additional,EarthBound (EMU).zophar\098a Sailing to Scaraba.spc,rejected,,,,,67
additional,EarthBound (EMU).zophar\098b The Voyage Continues.spc,rejected,,,,,67
additional,EarthBound (EMU).zophar\099 Kraken of the Sea.spc,rejected,,,,,67
additional,EarthBound (EMU).zophar\100 Bazaar.spc,rejected,,,,,67
additional,EarthBound (EMU).zophar\101 Morning in the Desert.spc,rejected,,,,,67
additional,EarthBound (EMU).zophar\102 The Unforgiving Desert.spc,rejected,,,,,67
additional,EarthBound (EMU).zophar\103 Pyramid.spc,rejected,,,,,67
additional,EarthBound (EMU).zophar\104 Inside the Dungeon.spc,rejected,,,,,67
additional,EarthBound (EMU).zophar\105 Megaton Walk.spc,rejected,,,,,67
additional,EarthBound (EMU).zophar\106 The Submarine.spc,rejected,,,,,67
additional,EarthBound (EMU).zophar\107 The Deep Darkness.spc,rejected,,,,,67
additional,EarthBound (EMU).zophar\108 The Tendas' Cave.spc,rejected,,,,,67
additional,EarthBound (EMU).zophar\109 Battle Against a Machine.spc,rejected,,,,,67
additional,EarthBound (EMU).zophar\110 Stonehenge Base Shuts Down.spc,rejected,,,,,67
additional,EarthBound (EMU).zophar\111 Falling Underground!.spc,rejected,,,,,67
additional,EarthBound (EMU).zophar\112 The Lost Underworld.spc,rejected,,,,,67
additional,EarthBound (EMU).zophar\113 Lava Springs.spc,rejected,,,,,67
additional,EarthBound (EMU).zophar\114a Sound Stone ~ Giant Step.spc,rejected,,,,,67
additional,EarthBound (EMU).zophar\114b Sound Stone ~ Lilliput Steps.spc,rejected,,,,,67
additional,EarthBound (EMU).zophar\114c Sound Stone ~ Milky Well.spc,rejected,,,,,67
additional,EarthBound (EMU).zophar\114d Sound Stone ~ Rainy Circle.spc,rejected,,,,,67
additional,EarthBound (EMU).zophar\114e Sound Stone ~ Magnet Hill.spc,rejected,,,,,67
additional,EarthBound (EMU).zophar\114f Sound Stone ~ Pink Cloud.spc,rejected,,,,,67
additional,EarthBound (EMU).zophar\114g Sound Stone ~ Lumine Hall.spc,rejected,,,,,67
additional,EarthBound (EMU).zophar\114h Sound Stone ~ Fire Spring.spc,rejected,,,,,67
additional,EarthBound (EMU).zophar\114i Sound Stone ~ No Sounds.spc,rejected,,,,,67
additional,EarthBound (EMU).zophar\114j Sound Stone ~ Giant Step (Complete).spc,rejected,,,,,67
additional,EarthBound (EMU).zophar\114k Sound Stone ~ Lilliput Steps (Complete).spc,rejected,,,,,67
additional,EarthBound (EMU).zophar\114l Sound Stone ~ Milky Well (Complete).spc,rejected,,,,,67
additional,EarthBound (EMU).zophar\114m Sound Stone ~ Rainy Circle (Complete).spc,rejected,,,,,67
additional,EarthBound (EMU).zophar\114n Sound Stone ~ Magnet Hill (Complete).spc,rejected,,,,,67
additional,EarthBound (EMU).zophar\114o Sound Stone ~ Pink Cloud (Complete).spc,rejected,,,,,67
additional,EarthBound (EMU).zophar\114p Sound Stone ~ Lumine Hall (Complete).spc,rejected,,,,,67
additional,EarthBound (EMU).zophar\114q Sound Stone ~ Fire Spring (Complete).spc,rejected,,,,,67
additional,EarthBound (EMU).zophar\114r Sound Stone ~ No Sounds (Complete).spc,rejected,,,,,67
additional,EarthBound (EMU).zophar\115 Eight Melodies.spc,rejected,,,,,67
additional,EarthBound (EMU).zophar\116 The Nightmare Begins....spc,rejected,,,,,67
additional,EarthBound (EMU).zophar\117 Welcome Home.spc,rejected,,,,,67
additional,EarthBound (EMU).zophar\118 The Jolly Flying Man.spc,rejected,,,,,67
additional,EarthBound (EMU).zophar\119 Deeper into Ness' Subconscious.spc,rejected,,,,,67
additional,EarthBound (EMU).zophar\120 Sea of Eden.spc,rejected,,,,,67
additional,EarthBound (EMU).zophar\121 The Power.spc,rejected,,,,,67
additional,EarthBound (EMU).zophar\122 Ness Awakens from the Nightmare.spc,rejected,,,,,67
additional,EarthBound (EMU).zophar\123 Spacetoneer.spc,rejected,,,,,67
additional,EarthBound (EMU).zophar\124a Phase Distorter Failed.spc,rejected,,,,,67
additional,EarthBound (EMU).zophar\124b Phase Distorter Success.spc,rejected,,,,,67
additional,EarthBound (EMU).zophar\125 The Cliff That Time Forgot.spc,rejected,,,,,67
additional,EarthBound (EMU).zophar\126 The Place.spc,rejected,,,,,67
additional,EarthBound (EMU).zophar\127 Giygas' Lair.spc,rejected,,,,,67
additional,EarthBound (EMU).zophar\128 Giygas' Intro.spc,rejected,,,,,67
additional,EarthBound (EMU).zophar\129 Pokey Means Business!.spc,rejected,,,,,67
additional,EarthBound (EMU).zophar\130 Giygas Stirs.spc,rejected,,,,,67
additional,EarthBound (EMU).zophar\131 Giygas' Intimidation.spc,rejected,,,,,67
additional,EarthBound (EMU).zophar\132 Prayer for Safety.spc,rejected,,,,,67
additional,EarthBound (EMU).zophar\133 Giygas is Wounded!.spc,rejected,,,,,67
additional,EarthBound (EMU).zophar\134 Giygas is Fatally Wounded!.spc,rejected,,,,,67
additional,EarthBound (EMU).zophar\135 Giygas Disintegrates.spc,rejected,,,,,67
additional,EarthBound (EMU).zophar\136 Giygas' Static.spc,rejected,,,,,67
additional,EarthBound (EMU).zophar\137a The Heroes Return (part 1).spc,rejected,,,,,67
additional,EarthBound (EMU).zophar\137b The Heroes Return (part 2).spc,rejected,,,,,67
additional,EarthBound (EMU).zophar\138 Because I Love You.spc,rejected,,,,,67
additional,"EarthBound (EMU).zophar\139 Good Friends, Bad Friends.spc",rejected,,,,,67
additional,EarthBound (EMU).zophar\140 Smiles and Tears.spc,rejected,,,,,67
additional,EarthBound (EMU).zophar\901 Hidden Track.spc,rejected,,,,,67
additional,EarthBound (EMU).zophar\902 Unused Pokey Jingle.spc,rejected,,,,,67
additional,EarthBound (EMU).zophar\903 Unknown Jingle 1.spc,rejected,,,,,67
additional,EarthBound (EMU).zophar\904 Unknown Jingle 2.spc,rejected,,,,,67
additional,EarthBound (EMU).zophar\905 Mysterious Crash.spc,rejected,,,,,67
additional,EarthBound (EMU).zophar\906 Onett's Trumpet Player.spc,rejected,,,,,67
additional,EarthBound (EMU).zophar\907 Key Item Fanfare.spc,rejected,,,,,67
additional,EarthBound (EMU).zophar\908 Spell Learned.spc,rejected,,,,,67
additional,EarthBound (EMU).zophar\909 Secret Passage.spc,rejected,,,,,67
additional,EarthBound (EMU).zophar\910 Spooky....spc,rejected,,,,,67
additional,EarthBound (EMU).zophar\911 Evil Mani Mani Statue.spc,rejected,,,,,67
additional,EarthBound (EMU).zophar\912 Magic Butterfly.spc,rejected,,,,,67
additional,EarthBound (EMU).zophar\913 Master of the Stars.spc,rejected,,,,,67
additional,EarthBound (EMU).zophar\914a The Sphinx's Puzzle 1.spc,rejected,,,,,67
additional,EarthBound (EMU).zophar\914b The Sphinx's Puzzle 2.spc,rejected,,,,,67
additional,EarthBound (EMU).zophar\914c The Sphinx's Puzzle 3.spc,rejected,,,,,67
additional,EarthBound (EMU).zophar\914d The Sphinx's Puzzle 4.spc,rejected,,,,,67
additional,EarthBound (EMU).zophar\914e The Sphinx's Puzzle 5.spc,rejected,,,,,67
additional,EarthBound (EMU).zophar\914f The Sphinx's Puzzle Solved!.spc,rejected,,,,,67
additional,EarthBound (EMU).zophar\915a Teleportation.spc,rejected,,,,,67
additional,EarthBound (EMU).zophar\915b Teleportation End.spc,rejected,,,,,67
additional,EarthBound (EMU).zophar\916 Buzz Buzz's Demise.spc,rejected,,,,,67
additional,EarthBound (EMU).zophar\917 Mechanical Tinkering.spc,rejected,,,,,67
additional,EarthBound (EMU).zophar\918 Drilling.spc,rejected,,,,,67
additional,EarthBound (EMU).zophar\919 Phone.spc,rejected,,,,,67
additional,EarthBound (EMU).zophar\920 OK 'Ssuka_.spc,rejected,,,,,67
additional,EarthBound (EMU).zophar\921 Burp.spc,rejected,,,,,67
additional,Donkey Kong Country (EMU).zophar\01 Theme.spc,accepted,True,3,True,True,
additional,Donkey Kong Country (EMU).zophar\02 Simian Segue.spc,accepted,True,3,True,True,
additional,Donkey Kong Country (EMU).zophar\03 DK Island Swing.spc,accepted,False,3,True,True,
additional,Donkey Kong Country (EMU).zophar\04 Cranky's Theme.spc,accepted,True,3,True,True,
additional,Donkey Kong Country (EMU).zophar\05 Cave Dweller Concert.spc,accepted,True,3,True,True,
additional,Donkey Kong Country (EMU).zophar\06 Bonus Room Blitz.spc,accepted,True,3,True,True,
additional,Donkey Kong Country (EMU).zophar\07 Aquatic Ambiance.spc,accepted,True,3,True,True,
additional,Donkey Kong Country (EMU).zophar\08 Candy's Love Song.spc,accepted,True,3,True,True,
additional,Donkey Kong Country (EMU).zophar\09 Bad Boss Boogie.spc,accepted,True,3,True,True,
additional,Donkey Kong Country (EMU).zophar\10 Mine Cart Madness.spc,accepted,True,3,True,True,
additional,Donkey Kong Country (EMU).zophar\11 Life in the Mines.spc,accepted,True,3,True,True,
additional,Donkey Kong Country (EMU).zophar\12 Voices of the Temple.spc,rejected,,,,,67
additional,Donkey Kong Country (EMU).zophar\13 Forest Frenzy.spc,accepted,True,3,True,True,
additional,Donkey Kong Country (EMU).zophar\14 Treetop Rock.spc,accepted,True,3,True,True,
additional,Donkey Kong Country (EMU).zophar\15 Funky's Fugue.spc,accepted,True,3,True,True,
additional,Donkey Kong Country (EMU).zophar\16 Misty Menace.spc,accepted,True,3,True,True,
additional,Donkey Kong Country (EMU).zophar\17 Northern Hemispheres.spc,rejected,,,,,67
additional,Donkey Kong Country (EMU).zophar\18 Ice Cave Chant.spc,accepted,True,3,True,True,
additional,Donkey Kong Country (EMU).zophar\19 Fear Factory.spc,accepted,True,3,True,True,
additional,Donkey Kong Country (EMU).zophar\20 Gang-Plank Galleon.spc,accepted,True,3,True,True,
additional,Donkey Kong Country (EMU).zophar\21 K. Rool's Cacophony.spc,accepted,True,3,True,True,
additional,Donkey Kong Country (EMU).zophar\22 The Credits Concerto.spc,accepted,True,3,True,True,
additional,Donkey Kong Country (EMU).zophar\99 Bonus Lose.spc,accepted,True,3,True,True,
additional,Donkey Kong Country (EMU).zophar\99 Bonus Room Opened!.spc,accepted,True,3,True,True,
additional,Donkey Kong Country (EMU).zophar\99 Bonus Win.spc,accepted,True,3,True,True,
additional,Donkey Kong Country (EMU).zophar\99 Extra Life Balloon.spc,rejected,,,,,67
additional,Donkey Kong Country (EMU).zophar\99 Fanfare.spc,rejected,,,,,67
additional,Donkey Kong Country (EMU).zophar\99 Level Goal.spc,accepted,True,3,True,True,
additional,Donkey Kong Country (EMU).zophar\99 Lost Life.spc,accepted,True,3,True,True,
additional,Donkey Kong Country 2 - Diddy's Kong Quest (EMU).zophar\01 K. Rool Returns.spc,accepted,True,3,True,True,
additional,Donkey Kong Country 2 - Diddy's Kong Quest (EMU).zophar\02 Welcome to Crocodile Isle.spc,accepted,True,3,True,True,
additional,Donkey Kong Country 2 - Diddy's Kong Quest (EMU).zophar\03 Klomp's Romp.spc,accepted,False,3,True,True,
additional,Donkey Kong Country 2 - Diddy's Kong Quest (EMU).zophar\04 Lockjaw's Saga.spc,rejected,,,,,67
additional,Donkey Kong Country 2 - Diddy's Kong Quest (EMU).zophar\05 Jib Jig.spc,rejected,,,,,67
additional,Donkey Kong Country 2 - Diddy's Kong Quest (EMU).zophar\06 Swanky's Swing.spc,rejected,,,,,67
additional,Donkey Kong Country 2 - Diddy's Kong Quest (EMU).zophar\07 Snakey Chantey.spc,accepted,True,3,True,True,
additional,Donkey Kong Country 2 - Diddy's Kong Quest (EMU).zophar\08 Bayou Boogie.spc,rejected,,,,,67
additional,Donkey Kong Country 2 - Diddy's Kong Quest (EMU).zophar\09 School House Harmony.spc,accepted,True,3,True,True,
additional,Donkey Kong Country 2 - Diddy's Kong Quest (EMU).zophar\10 Forest Interlude.spc,accepted,True,3,True,True,
additional,Donkey Kong Country 2 - Diddy's Kong Quest (EMU).zophar\11 Funky the Main Monkey.spc,rejected,,,,,67
additional,Donkey Kong Country 2 - Diddy's Kong Quest (EMU).zophar\12 Flight of the Zinger .spc,rejected,,,,,67
additional,Donkey Kong Country 2 - Diddy's Kong Quest (EMU).zophar\13 Cranky's Conga.spc,rejected,,,,,67
additional,Donkey Kong Country 2 - Diddy's Kong Quest (EMU).zophar\14 Hot-Head Bop.spc,accepted,True,3,True,True,
additional,"Donkey Kong Country 2 - Diddy's Kong Quest (EMU).zophar\15 Run, Rambi! Run!.spc",rejected,,,,,67
additional,Donkey Kong Country 2 - Diddy's Kong Quest (EMU).zophar\16a Token Tango.spc,accepted,True,3,True,True,
additional,Donkey Kong Country 2 - Diddy's Kong Quest (EMU).zophar\16b Lose.spc,accepted,True,3,True,True,
additional,Donkey Kong Country 2 - Diddy's Kong Quest (EMU).zophar\16c Win.spc,accepted,True,3,True,True,
additional,Donkey Kong Country 2 - Diddy's Kong Quest (EMU).zophar\17 Stickerbrush Symphony.spc,accepted,True,3,True,True,
additional,Donkey Kong Country 2 - Diddy's Kong Quest (EMU).zophar\18 Bad Bird Rag.spc,accepted,True,3,True,True,
additional,Donkey Kong Country 2 - Diddy's Kong Quest (EMU).zophar\19 Disco Train.spc,rejected,,,,,67
additional,Donkey Kong Country 2 - Diddy's Kong Quest (EMU).zophar\20 Boss Bossanova.spc,accepted,True,3,True,True,
additional,Donkey Kong Country 2 - Diddy's Kong Quest (EMU).zophar\21 Steel Drum Rhumba.spc,accepted,True,3,True,True,
additional,Donkey Kong Country 2 - Diddy's Kong Quest (EMU).zophar\22 Krook's March.spc,accepted,True,3,True,True,
additional,Donkey Kong Country 2 - Diddy's Kong Quest (EMU).zophar\23 Klubba's Reveille.spc,rejected,,,,,67
additional,Donkey Kong Country 2 - Diddy's Kong Quest (EMU).zophar\24 Haunted Chase.spc,rejected,,,,,67
additional,Donkey Kong Country 2 - Diddy's Kong Quest (EMU).zophar\25 In a Snow-Bound Land .spc,rejected,,,,,67
additional,Donkey Kong Country 2 - Diddy's Kong Quest (EMU).zophar\26 Lost World Anthem.spc,rejected,,,,,67
additional,Donkey Kong Country 2 - Diddy's Kong Quest (EMU).zophar\27 Primal Rave.spc,rejected,,,,,67
additional,Donkey Kong Country 2 - Diddy's Kong Quest (EMU).zophar\28 Crocodile Cacophony.spc,accepted,True,3,True,True,
additional,Donkey Kong Country 2 - Diddy's Kong Quest (EMU).zophar\29 Donkey Kong Rescued.spc,rejected,,,,,67
additional,Donkey Kong Country 2 - Diddy's Kong Quest (EMU).zophar\30 Opening.spc,rejected,,,,,67
additional,Donkey Kong Country 2 - Diddy's Kong Quest (EMU).zophar\31 Player Down (Klomp's Romp).spc,accepted,True,3,True,True,
additional,Donkey Kong Country 2 - Diddy's Kong Quest (EMU).zophar\32 Player Down (Lockjaw's Saga).spc,rejected,,,,,67
additional,Donkey Kong Country 2 - Diddy's Kong Quest (EMU).zophar\33 Player Down (Jib Jig).spc,rejected,,,,,67
additional,Donkey Kong Country 2 - Diddy's Kong Quest (EMU).zophar\34 Player Down (Snakey Chantey).spc,rejected,,,,,67
additional,Donkey Kong Country 2 - Diddy's Kong Quest (EMU).zophar\35a Player Down (Bayou Boogie 1).spc,rejected,,,,,67
additional,Donkey Kong Country 2 - Diddy's Kong Quest (EMU).zophar\35b Player Down (Bayou Boogie 2).spc,rejected,,,,,67
additional,Donkey Kong Country 2 - Diddy's Kong Quest (EMU).zophar\36 Player Down (Forest Interlude).spc,rejected,,,,,67
additional,Donkey Kong Country 2 - Diddy's Kong Quest (EMU).zophar\37 Player Down (Flight of the Zinger).spc,rejected,,,,,67
additional,Donkey Kong Country 2 - Diddy's Kong Quest (EMU).zophar\38 Player Down (Hot Head Bop).spc,accepted,True,3,True,True,
additional,Donkey Kong Country 2 - Diddy's Kong Quest (EMU).zophar\39 Player Down (Stickerbrush Symphony).spc,accepted,True,3,True,True,
additional,Donkey Kong Country 2 - Diddy's Kong Quest (EMU).zophar\40 Player Down (Disco Train).spc,rejected,,,,,67
additional,Donkey Kong Country 2 - Diddy's Kong Quest (EMU).zophar\41 Player Down (Mining Melancholy).spc,accepted,True,3,True,True,
additional,Donkey Kong Country 2 - Diddy's Kong Quest (EMU).zophar\42 Player Down (Krook's March).spc,accepted,True,3,True,True,
additional,Donkey Kong Country 2 - Diddy's Kong Quest (EMU).zophar\43 Player Down (Haunted Chase).spc,accepted,True,3,True,True,
additional,Donkey Kong Country 2 - Diddy's Kong Quest (EMU).zophar\44 Player Down (In a Snow-Bound Land).spc,rejected,,,,,67
additional,Donkey Kong Country 2 - Diddy's Kong Quest (EMU).zophar\45 Player Down (Primal Rave).spc,accepted,True,3,True,True,
additional,Donkey Kong Country 2 - Diddy's Kong Quest (EMU).zophar\46a Diddy Clear (Klomp's Romp).spc,accepted,True,3,True,True,
additional,Donkey Kong Country 2 - Diddy's Kong Quest (EMU).zophar\46b Diddy Clear (Lockjaw's Saga).spc,rejected,,,,,67
additional,Donkey Kong Country 2 - Diddy's Kong Quest (EMU).zophar\46c Diddy Clear (Jib Jig).spc,rejected,,,,,67
additional,Donkey Kong Country 2 - Diddy's Kong Quest (EMU).zophar\46d Diddy Clear (Snakey Chantey).spc,rejected,,,,,67
additional,Donkey Kong Country 2 - Diddy's Kong Quest (EMU).zophar\46e Diddy Clear (Bayou Boogie).spc,rejected,,,,,67
additional,Donkey Kong Country 2 - Diddy's Kong Quest (EMU).zophar\46f Diddy Clear (Forest Interlude).spc,rejected,,,,,67
additional,Donkey Kong Country 2 - Diddy's Kong Quest (EMU).zophar\46g Diddy Clear (Flight of the Zinger).spc,accepted,True,3,True,True,
additional,Donkey Kong Country 2 - Diddy's Kong Quest (EMU).zophar\46h Diddy Clear (Hot Head Bop).spc,rejected,,,,,67
additional,Donkey Kong Country 2 - Diddy's Kong Quest (EMU).zophar\46i Diddy Clear (Stickerbrush Symphony).spc,accepted,True,3,True,True,
additional,Donkey Kong Country 2 - Diddy's Kong Quest (EMU).zophar\46j Diddy Clear (Disco Train).spc,rejected,,,,,67
additional,Donkey Kong Country 2 - Diddy's Kong Quest (EMU).zophar\46k Diddy Clear (Mining Melancholy).spc,accepted,True,3,True,True,
additional,Donkey Kong Country 2 - Diddy's Kong Quest (EMU).zophar\46l Diddy Clear (Krook's March).spc,rejected,,,,,67
additional,Donkey Kong Country 2 - Diddy's Kong Quest (EMU).zophar\46m Diddy Clear (Haunted Chase).spc,rejected,,,,,67
additional,Donkey Kong Country 2 - Diddy's Kong Quest (EMU).zophar\46n Diddy Clear (In a Snow-Bound Land).spc,rejected,,,,,67
additional,Donkey Kong Country 2 - Diddy's Kong Quest (EMU).zophar\46o Diddy Clear (Primal Rave).spc,rejected,,,,,67
additional,Donkey Kong Country 2 - Diddy's Kong Quest (EMU).zophar\47a Dixie Clear (Klomp's Romp).spc,accepted,True,3,True,True,
additional,Donkey Kong Country 2 - Diddy's Kong Quest (EMU).zophar\47b Dixie Clear (Lockjaw's Saga).spc,rejected,,,,,67
additional,Donkey Kong Country 2 - Diddy's Kong Quest (EMU).zophar\47c Dixie Clear (Jib Jig).spc,rejected,,,,,67
additional,Donkey Kong Country 2 - Diddy's Kong Quest (EMU).zophar\47d Dixie Clear (Snakey Chantey).spc,rejected,,,,,67
additional,Donkey Kong Country 2 - Diddy's Kong Quest (EMU).zophar\47e Dixie Clear (Bayou Boogie).spc,rejected,,,,,67
additional,Donkey Kong Country 2 - Diddy's Kong Quest (EMU).zophar\47f Dixie Clear (Forest Interlude).spc,rejected,,,,,67
additional,Donkey Kong Country 2 - Diddy's Kong Quest (EMU).zophar\47g Dixie Clear (Flight of the Zinger).spc,rejected,,,,,67
additional,Donkey Kong Country 2 - Diddy's Kong Quest (EMU).zophar\47h Dixie Clear (Hot Head Bop).spc,rejected,,,,,67
additional,Donkey Kong Country 2 - Diddy's Kong Quest (EMU).zophar\47i Dixie Clear (Stickerbrush Symphony).spc,accepted,True,3,True,True,
additional,Donkey Kong Country 2 - Diddy's Kong Quest (EMU).zophar\47j Dixie Clear (Disco Train).spc,rejected,,,,,67
additional,Donkey Kong Country 2 - Diddy's Kong Quest (EMU).zophar\47k Dixie Clear (Mining Melancholy).spc,accepted,True,3,True,True,
additional,Donkey Kong Country 2 - Diddy's Kong Quest (EMU).zophar\47l Dixie Clear (Krook's March).spc,rejected,,,,,67
additional,Donkey Kong Country 2 - Diddy's Kong Quest (EMU).zophar\47m Dixie Clear (Haunted Chase).spc,rejected,,,,,67
additional,Donkey Kong Country 2 - Diddy's Kong Quest (EMU).zophar\47n Dixie Clear (In a Snow-Bound Land).spc,rejected,,,,,67
additional,Donkey Kong Country 2 - Diddy's Kong Quest (EMU).zophar\47o Dixie Clear (Primal Rave).spc,rejected,,,,,67
additional,Donkey Kong Country 2 - Diddy's Kong Quest (EMU).zophar\48a Stronghold Showdown.spc,rejected,,,,,67
additional,Donkey Kong Country 2 - Diddy's Kong Quest (EMU).zophar\48b The Flying Krock.spc,accepted,True,3,True,True,
additional,Donkey Kong Country 2 - Diddy's Kong Quest (EMU).zophar\49a Player Down (Crocodile Cacophony).spc,rejected,,,,,67
additional,Donkey Kong Country 2 - Diddy's Kong Quest (EMU).zophar\49b Diddy Clear (Crocodile Cacophony).spc,rejected,,,,,67
additional,Donkey Kong Country 2 - Diddy's Kong Quest (EMU).zophar\49c Dixie Clear (Crocodile Cacophony).spc,rejected,,,,,67
additional,Donkey Kong Country 2 - Diddy's Kong Quest (EMU).zophar\50 Game Over.spc,accepted,True,3,True,True,
additional,Donkey Kong Country 2 - Diddy's Kong Quest (EMU).zophar\99 1-up Balloon (part 1).spc,accepted,True,3,True,True,
additional,Donkey Kong Country 2 - Diddy's Kong Quest (EMU).zophar\99 1-up Balloon (part 2).spc,accepted,True,3,True,True,
additional,Donkey Kong Country 2 - Diddy's Kong Quest (EMU).zophar\99 Bonus Intro.spc,rejected,,,,,67
additional,Donkey Kong Country 2 - Diddy's Kong Quest (EMU).zophar\99 Diddy Clear (Boss Bossanova).spc,accepted,True,3,True,True,
additional,Donkey Kong Country 2 - Diddy's Kong Quest (EMU).zophar\99 Dixie Clear (Boss Bossanova).spc,accepted,True,3,True,True,
additional,Donkey Kong Country 2 - Diddy's Kong Quest (EMU).zophar\99 Ending Ambience.spc,rejected,,,,,67
additional,Donkey Kong Country 2 - Diddy's Kong Quest (EMU).zophar\99 K. Rool's Letter.spc,accepted,True,3,True,True,
additional,Donkey Kong Country 2 - Diddy's Kong Quest (EMU).zophar\99 Mining Melancholy.spc,accepted,True,3,True,True,
additional,Donkey Kong Country 2 - Diddy's Kong Quest (EMU).zophar\99 Pause!.spc,accepted,True,3,True,True,
additional,Donkey Kong Country 2 - Diddy's Kong Quest (EMU).zophar\99 Player Down (Boss Bossanova).spc,accepted,True,3,True,True,
additional,Donkey Kong Country 2 - Diddy's Kong Quest (EMU).zophar\99 Stage Clear (Bayou Boogie).spc,rejected,,,,,67
additional,Donkey Kong Country 2 - Diddy's Kong Quest (EMU).zophar\99 Stage Clear (Disco Train).spc,rejected,,,,,67
additional,Donkey Kong Country 2 - Diddy's Kong Quest (EMU).zophar\99 Stage Clear (Flight of the Zinger).spc,rejected,,,,,67
additional,Donkey Kong Country 2 - Diddy's Kong Quest (EMU).zophar\99 Stage Clear (Forest Interlude).spc,rejected,,,,,67
additional,Donkey Kong Country 2 - Diddy's Kong Quest (EMU).zophar\99 Stage Clear (Haunted Chase).spc,rejected,,,,,67
additional,Donkey Kong Country 2 - Diddy's Kong Quest (EMU).zophar\99 Stage Clear (Hot Head Bop).spc,rejected,,,,,67
additional,Donkey Kong Country 2 - Diddy's Kong Quest (EMU).zophar\99 Stage Clear (In a Snow-Bound Land).spc,rejected,,,,,67
additional,Donkey Kong Country 2 - Diddy's Kong Quest (EMU).zophar\99 Stage Clear (Jib Jig).spc,rejected,,,,,67
additional,Donkey Kong Country 2 - Diddy's Kong Quest (EMU).zophar\99 Stage Clear (Klomp's Romp).spc,accepted,True,3,True,True,
additional,Donkey Kong Country 2 - Diddy's Kong Quest (EMU).zophar\99 Stage Clear (Krook's March).spc,rejected,,,,,67
additional,Donkey Kong Country 2 - Diddy's Kong Quest (EMU).zophar\99 Stage Clear (Lockjaw's Saga).spc,rejected,,,,,67
additional,Donkey Kong Country 2 - Diddy's Kong Quest (EMU).zophar\99 Stage Clear (Mining Melancholy).spc,accepted,True,3,True,True,
additional,Donkey Kong Country 2 - Diddy's Kong Quest (EMU).zophar\99 Stage Clear (Primal Rave).spc,rejected,,,,,67
additional,Donkey Kong Country 2 - Diddy's Kong Quest (EMU).zophar\99 Stage Clear (Snakey Chantey).spc,accepted,True,3,True,True,
additional,Donkey Kong Country 2 - Diddy's Kong Quest (EMU).zophar\99 Stage Clear (Stickerbrush Symphony).spc,accepted,True,3,True,True,
additional,Donkey Kong Country 3 - Dixie Kong's Double Trouble (EMU).zophar\01 Fanfare.spc,rejected,,,,,67
additional,Donkey Kong Country 3 - Dixie Kong's Double Trouble (EMU).zophar\02 Dixie Beat.spc,accepted,True,3,True,True,
additional,Donkey Kong Country 3 - Dixie Kong's Double Trouble (EMU).zophar\03 Crazy Calypso.spc,accepted,False,3,True,True,
additional,Donkey Kong Country 3 - Dixie Kong's Double Trouble (EMU).zophar\04 Northern Kremisphere.spc,accepted,True,3,True,True,
additional,Donkey Kong Country 3 - Dixie Kong's Double Trouble (EMU).zophar\05 Submap Shuffle.spc,accepted,True,3,True,True,
additional,Donkey Kong Country 3 - Dixie Kong's Double Trouble (EMU).zophar\06 Stilt Village.spc,accepted,True,3,True,True,
additional,Donkey Kong Country 3 - Dixie Kong's Double Trouble (EMU).zophar\07 Mill Fever.spc,rejected,,,,,67
additional,Donkey Kong Country 3 - Dixie Kong's Double Trouble (EMU).zophar\08 Jangle Bells.spc,accepted,True,3,True,True,
additional,Donkey Kong Country 3 - Dixie Kong's Double Trouble (EMU).zophar\09 Frosty Frolics.spc,rejected,,,,,67
additional,Donkey Kong Country 3 - Dixie Kong's Double Trouble (EMU).zophar\10 Boss Boogie.spc,rejected,,,,,67
additional,Donkey Kong Country 3 - Dixie Kong's Double Trouble (EMU).zophar\11 Treetop Tumble.spc,rejected,,,,,67
additional,Donkey Kong Country 3 - Dixie Kong's Double Trouble (EMU).zophar\12 Hot Pursuit.spc,accepted,True,3,True,True,
additional,Donkey Kong Country 3 - Dixie Kong's Double Trouble (EMU).zophar\13 Enchanted Riverbank.spc,rejected,,,,,67
additional,Donkey Kong Country 3 - Dixie Kong's Double Trouble (EMU).zophar\14 Water World.spc,rejected,,,,,67
additional,Donkey Kong Country 3 - Dixie Kong's Double Trouble (EMU).zophar\15 Cascade Capers.spc,rejected,,,,,67
additional,Donkey Kong Country 3 - Dixie Kong's Double Trouble (EMU).zophar\16 Nuts and Bolts.spc,rejected,,,,,67
additional,Donkey Kong Country 3 - Dixie Kong's Double Trouble (EMU).zophar\17 Pokey Pipes.spc,rejected,,,,,67
additional,Donkey Kong Country 3 - Dixie Kong's Double Trouble (EMU).zophar\18 Rockface Rumble.spc,rejected,,,,,67
additional,Donkey Kong Country 3 - Dixie Kong's Double Trouble (EMU).zophar\19 Cavern Caprice.spc,accepted,True,3,True,True,
additional,Donkey Kong Country 3 - Dixie Kong's Double Trouble (EMU).zophar\20 Jungle Jitter.spc,rejected,,,,,67
additional,Donkey Kong Country 3 - Dixie Kong's Double Trouble (EMU).zophar\21 Krematoa Koncerto.spc,accepted,True,3,True,True,
additional,Donkey Kong Country 3 - Dixie Kong's Double Trouble (EMU).zophar\22 Rocket Run.spc,accepted,True,3,True,True,
additional,Donkey Kong Country 3 - Dixie Kong's Double Trouble (EMU).zophar\23 Crystal Chasm.spc,accepted,True,3,True,True,
additional,Donkey Kong Country 3 - Dixie Kong's Double Trouble (EMU).zophar\24 Big Boss Blues.spc,rejected,,,,,67
additional,Donkey Kong Country 3 - Dixie Kong's Double Trouble (EMU).zophar\25 Mama Bird.spc,accepted,True,3,True,True,
additional,Donkey Kong Country 3 - Dixie Kong's Double Trouble (EMU).zophar\26 Chase.spc,accepted,True,3,True,True,
additional,Donkey Kong Country 3 - Dixie Kong's Double Trouble (EMU).zophar\27 Baddies on Parade.spc,accepted,True,3,True,True,
additional,Donkey Kong Country 3 - Dixie Kong's Double Trouble (EMU).zophar\28 Game Over.spc,accepted,True,3,True,True,
additional,Donkey Kong Country 3 - Dixie Kong's Double Trouble (EMU).zophar\29 Bonus Time!.spc,rejected,,,,,67
additional,Donkey Kong Country 3 - Dixie Kong's Double Trouble (EMU).zophar\30 Bonus Win!.spc,rejected,,,,,67
additional,Donkey Kong Country 3 - Dixie Kong's Double Trouble (EMU).zophar\31 Bonus Lose....spc,rejected,,,,,67
additional,Donkey Kong Country 3 - Dixie Kong's Double Trouble (EMU).zophar\32 Hangin' at Funky's.spc,rejected,,,,,67
additional,Donkey Kong Country 3 - Dixie Kong's Double Trouble (EMU).zophar\33 Wrinkly's Save Cave.spc,rejected,,,,,67
additional,Donkey Kong Country 3 - Dixie Kong's Double Trouble (EMU).zophar\34 Get Fit A-Go-Go.spc,accepted,True,3,True,True,
additional,Donkey Kong Country 3 - Dixie Kong's Double Trouble (EMU).zophar\35 Wrinkly 64.spc,accepted,True,3,True,True,
additional,Donkey Kong Country 3 - Dixie Kong's Double Trouble (EMU).zophar\36 Brothers Bear.spc,accepted,True,3,True,True,
additional,Donkey Kong Country 3 - Dixie Kong's Double Trouble (EMU).zophar\37 Brothers Bear Blues.spc,accepted,True,3,True,True,
additional,Donkey Kong Country 3 - Dixie Kong's Double Trouble (EMU).zophar\38 Swanky's Sideshow.spc,accepted,True,3,True,True,
additional,Donkey Kong Country 3 - Dixie Kong's Double Trouble (EMU).zophar\39 Cranky's Showdown.spc,accepted,True,3,True,True,
additional,Donkey Kong Country 3 - Dixie Kong's Double Trouble (EMU).zophar\40 Showdown Win!.spc,accepted,True,3,True,True,
additional,Donkey Kong Country 3 - Dixie Kong's Double Trouble (EMU).zophar\41 Showdown Lose....spc,accepted,True,3,True,True,
additional,Donkey Kong Country 3 - Dixie Kong's Double Trouble (EMU).zophar\99 Banana Bird!.spc,accepted,True,3,True,True,
additional,Donkey Kong Country 3 - Dixie Kong's Double Trouble (EMU).zophar\99 Invincible Stars.spc,accepted,True,3,True,True,
additional,Donkey Kong Country 3 - Dixie Kong's Double Trouble (EMU).zophar\99 Lose Life (Big Boss).spc,accepted,True,3,True,True,
additional,Donkey Kong Country 3 - Dixie Kong's Double Trouble (EMU).zophar\99 Lose Life (Boss Battle).spc,accepted,True,3,True,True,
additional,Donkey Kong Country 3 - Dixie Kong's Double Trouble (EMU).zophar\99 Lose Life (Caves).spc,accepted,True,3,True,True,
additional,Donkey Kong Country 3 - Dixie Kong's Double Trouble (EMU).zophar\99 Lose Life (Chase).spc,accepted,True,3,True,True,
additional,Donkey Kong Country 3 - Dixie Kong's Double Trouble (EMU).zophar\99 Lose Life (Christmas).spc,accepted,True,3,True,True,
additional,Donkey Kong Country 3 - Dixie Kong's Double Trouble (EMU).zophar\99 Lose Life (Factory).spc,rejected,,,,,67
additional,Donkey Kong Country 3 - Dixie Kong's Double Trouble (EMU).zophar\99 Lose Life (Jungle).spc,accepted,True,3,True,True,
additional,Donkey Kong Country 3 - Dixie Kong's Double Trouble (EMU).zophar\99 Lose Life (Mill).spc,accepted,True,3,True,True,
additional,Donkey Kong Country 3 - Dixie Kong's Double Trouble (EMU).zophar\99 Lose Life (Mountain).spc,accepted,True,3,True,True,
additional,Donkey Kong Country 3 - Dixie Kong's Double Trouble (EMU).zophar\99 Lose Life (Pipes).spc,accepted,True,3,True,True,
additional,Donkey Kong Country 3 - Dixie Kong's Double Trouble (EMU).zophar\99 Lose Life (River).spc,rejected,,,,,67
additional,Donkey Kong Country 3 - Dixie Kong's Double Trouble (EMU).zophar\99 Lose Life (Rocket).spc,accepted,True,3,True,True,
additional,Donkey Kong Country 3 - Dixie Kong's Double Trouble (EMU).zophar\99 Lose Life (Snow).spc,accepted,True,3,True,True,
additional,Donkey Kong Country 3 - Dixie Kong's Double Trouble (EMU).zophar\99 Lose Life (Trees).spc,rejected,,,,,67
additional,Donkey Kong Country 3 - Dixie Kong's Double Trouble (EMU).zophar\99 Lose Life (Underwater).spc,rejected,,,,,67
additional,Donkey Kong Country 3 - Dixie Kong's Double Trouble (EMU).zophar\99 Lose Life (Village).spc,accepted,True,3,True,True,
additional,Donkey Kong Country 3 - Dixie Kong's Double Trouble (EMU).zophar\99 Lose Life (Waterfall).spc,rejected,,,,,67
additional,Donkey Kong Country 3 - Dixie Kong's Double Trouble (EMU).zophar\99 Stage Clear (Big Boss).spc,rejected,,,,,67
additional,Donkey Kong Country 3 - Dixie Kong's Double Trouble (EMU).zophar\99 Stage Clear (Boss Battle).spc,accepted,True,3,True,True,
additional,Donkey Kong Country 3 - Dixie Kong's Double Trouble (EMU).zophar\99 Stage Clear (Caves).spc,accepted,True,3,True,True,
additional,Donkey Kong Country 3 - Dixie Kong's Double Trouble (EMU).zophar\99 Stage Clear (Chase).spc,accepted,True,3,True,True,
additional,Donkey Kong Country 3 - Dixie Kong's Double Trouble (EMU).zophar\99 Stage Clear (Christmas).spc,accepted,True,3,True,True,
additional,Donkey Kong Country 3 - Dixie Kong's Double Trouble (EMU).zophar\99 Stage Clear (Factory).spc,rejected,,,,,67
additional,Donkey Kong Country 3 - Dixie Kong's Double Trouble (EMU).zophar\99 Stage Clear (Jungle).spc,accepted,True,3,True,True,
additional,Donkey Kong Country 3 - Dixie Kong's Double Trouble (EMU).zophar\99 Stage Clear (Mill).spc,accepted,True,3,True,True,
additional,Donkey Kong Country 3 - Dixie Kong's Double Trouble (EMU).zophar\99 Stage Clear (Mountain).spc,accepted,True,3,True,True,
additional,Donkey Kong Country 3 - Dixie Kong's Double Trouble (EMU).zophar\99 Stage Clear (Pipes).spc,accepted,True,3,True,True,
additional,Donkey Kong Country 3 - Dixie Kong's Double Trouble (EMU).zophar\99 Stage Clear (River).spc,rejected,,,,,67
additional,Donkey Kong Country 3 - Dixie Kong's Double Trouble (EMU).zophar\99 Stage Clear (Rocket).spc,accepted,True,3,True,True,
additional,Donkey Kong Country 3 - Dixie Kong's Double Trouble (EMU).zophar\99 Stage Clear (Snow).spc,accepted,True,3,True,True,
additional,Donkey Kong Country 3 - Dixie Kong's Double Trouble (EMU).zophar\99 Stage Clear (Trees).spc,rejected,,,,,67
additional,Donkey Kong Country 3 - Dixie Kong's Double Trouble (EMU).zophar\99 Stage Clear (Underwater).spc,rejected,,,,,67
additional,Donkey Kong Country 3 - Dixie Kong's Double Trouble (EMU).zophar\99 Stage Clear (Village).spc,accepted,True,3,True,True,
additional,Donkey Kong Country 3 - Dixie Kong's Double Trouble (EMU).zophar\99 Stage Clear (Waterfall).spc,rejected,,,,,67
additional,Addams Family Values (EMU).zophar\01 Ocean Logo.spc,rejected,,,,,67
additional,Addams Family Values (EMU).zophar\02 Addams Family Values.spc,rejected,,,,,67
additional,Addams Family Values (EMU).zophar\03 Dangerous Terrain.spc,rejected,,,,,67
additional,Addams Family Values (EMU).zophar\04 Dark Dungeons.spc,rejected,,,,,67
additional,Addams Family Values (EMU).zophar\05 Creepy Creatures.spc,rejected,,,,,67
additional,Addams Family Values (EMU).zophar\06 Deadly Flowers.spc,rejected,,,,,67
additional,Addams Family Values (EMU).zophar\07 Sea of Cursed Trees.spc,rejected,,,,,67
additional,Addams Family Values (EMU).zophar\08 Sandy Wasteland.spc,rejected,,,,,67
additional,Addams Family Values (EMU).zophar\09 Neverending Rain.spc,rejected,,,,,67
additional,Addams Family Values (EMU).zophar\10 Strobia ~ Silent Guardian.spc,rejected,,,,,67
additional,Addams Family Values (EMU).zophar\11 Mountain Petrified.spc,rejected,,,,,67
additional,Addams Family Values (EMU).zophar\12 Blizzard.spc,rejected,,,,,67
additional,Addams Family Values (EMU).zophar\13 House of the Dead.spc,rejected,,,,,67
additional,Addams Family Values (EMU).zophar\14 Haunted Halls.spc,rejected,,,,,67
additional,Addams Family Values (EMU).zophar\15 Staff Roll.spc,rejected,,,,,67
additional,Addams Family Values (EMU).zophar\16 Game Over.spc,rejected,,,,,67
